adam-kalous-1	adam	kalous
adam-rykala	adam	rykal
adam-vojtech-1	adam	vojtěch
adam-zaruba	adam	záruba
adolf-beznoska	adolf	beznosek
adolf-hoffmeister	adolf	hoffmeister
adolf-jilek	adolf	jílek
adolf-kleps	adolf	klepš
adolf-svoboda-1	adolf	svoboda
adolf-vodacek	adolf	vodáček
adriana-krnacova	adrian	krnáčová
ahmad-raad	ahmad	raad
albert-cerny-1	albert	černý
albert-nostitz-rieneck	albert	nostitz	rieneck
albert-prazak-1	albert	pražák
aleksandra-udzenija	aleksandra	udženija
alena-dernerova	alena	dernerová
alena-dernerova-1	alena	dernerová
alena-gajduskova	alena	gajdůšková
alena-hanakova	alena	hanáková
alena-hosnedlova	alena	hosnedlová
alena-jezkova-8	alena	ježková
alena-losova	alena	losová
alena-nohavova	alena	nohavová
alena-paleckova	alena	palečková
alena-paralova	alena	páralová
alena-raskova	alena	rašková
alena-schillerova	alena	schillerová
alena-sromova	alena	šromová
alena-svobodova	alena	svobodová
alena-venhodova	alena	venhodová
ales-bohac	aleš	boháč
ales-dobrozemsky	aleš	dobrozemský
ales-dufek	aleš	dufek
ales-hrad	aleš	hrad
ales-jakubec	aleš	jakubec
ales-juchelka	aleš	juchelka
ales-koutny	aleš	koutný
ales-musil	aleš	musil
ales-radl	aleš	rádl
ales-rebicek	aleš	řebíček
ales-rozehnal	aleš	rozehnal
ales-roztocil	aleš	roztočil
alexander-bellu	alexander	bella
alexander-cerny	alexander	černý
alexander-dubcek	alexander	dubček
alexander-kiraly-2	alexander	királa
alexander-tomsky	alexander	tomský
alexandr-krejcir	alexandr	krejčíř
alexandr-langer	alexandr	langer
alexandr-novak	alexandr	novák
alexandr-vondra	alexandr	vondra
alexej-pludek	alexej	pludek
alfred-frommer	alfréd	frommer
alfred-meissner	alfréd	meissne
alfred-michalik	alfréd	michalík
alois-jelen	alois	jelen
alois-macak	alois	mačák
alois-neuman-1	alois	neuman
alois-prazak	alois	pražák
alois-skoupy-1	alois	skoupý
andrea-babisova	andrea	babišová
andrea-brzobohata	andrea	brzobohatá
andrea-ceskova	andrea	češková
andrea-krchova	andrea	krchová
andrea-vlasenkova	andrea	vlásenková
andrej-babis	andrej	babiš
andrej-gjuric	andrej	gjurič
andrej-grega	andrej	grega
andrej-kiska	andrej	kiska
anna-curdova	anna	čurdová
anna-hubackova	anna	hubáčková
anna-konarikova	anna	koňaříková
anna-kovarova	anna	kovářová
anna-maclova	anna	maclová
anna-prochazkova-19	anna	procházková
anna-putnova	anna	putnová
anna-roschova	anna	röschová
anna-taclova	anna	taclová
anna-vachalova	anna	váchalová
anton-zima	anton	zima
antonin-bajaja	antonín	bajaja
antonin-baudys	antonín	baudyš
antonin-horinek	antonín	hořínek
antonin-kalina-5	antonín	kalina
antonin-kapek-1	antonín	kapek
antonin-kaspar-6	antonín	kašpar
antonin-krak	antonín	krák
antonin-machacek	antonín	macháček
antonin-mastalir	antonín	maštalíř
antonin-mokry-5	antonín	mokrý
antonin-panenka	antonín	panenka
antonin-pecenka	antonín	pečenka
antonin-peltram	antonín	peltry
antonin-petras	antonín	petráš
antonin-prachar	antonín	prachař
antonin-seda	antonín	seďa
antonin-sochor	antonín	sochor
antonin-sochor-3	antonín	sochor
antonin-stanek	antonín	staněk
antonin-sykora	antonín	sýkora
antonin-tesarik	antonín	tesařík
antonin-vysohlid	antonín	vyšohlíd
antonin-weinert	antonín	weinert
antonin-zraly	antonín	zralý
arno-fisera	arno	fišera
arnost-lukasek	arnošt	lukášek
arnost-urban	arnošt	urban
artur-london	artur	london
augustin-bubnik	augustin	bubník
augustin-karel-andrle-sylor	augustin	karel	andrle	sylor
augustin-karel-andrle-sylor-1	augustin	karel	andrle	sylor
augustin-popelka	augustin	popelka
augustin-schramm	augustin	schramm
barbara-havelkova	barbara	havelková
barbora-antonova	barbora	antonová
barbora-jelonkova	barbora	jelonková
barbora-koranova-1	barbora	kořanová
beata-hola,	beáta	holá
bedrich-franz	bedřich	franz
bedrich-landsfeld	bedřich	landsfeld
bedrich-moldan	bedřich	moldan
bedrich-reicin	bedřich	reicin
bela-bugar	béla	bugár
benjamin-kuras	benjamin	kuras
blanka-kynclova	blanka	kynčlová
blanka-prochazkova	blanka	procházková
blanka-vraspirova	blanka	vraspírová
blanka-zajicova	blanka	zajícová
bohdan-dvorak	bohdan	dvořák
bohumil-bezemek	bohumil	bezemek
bohumil-cada	bohumil	čada
bohumil-fiser	bohumil	fišer
bohumil-kulhanek	bohumil	kulhánek
bohumil-platenka	bohumil	plátěnka
bohumil-simek	bohumil	šimek
bohumil-stibal	bohumil	stibal
bohumil-zoufalik	bohumil	zoufalík
bohumila-beranova	bohumil	beranová
bohumir-smeral	bohumír	šmeral
bohuslav-chalupa	bohuslav	chalupa
bohuslav-kuba	bohuslav	kuba
bohuslav-mimra	bohuslav	mimra
bohuslav-sobotka	bohuslav	sobotka
bohuslav-svoboda	bohuslav	svoboda
bohuslav-zaruba	bohuslav	záruba
bohuslava-hajska	bohuslav	hajská
boris-lazar	boris	lazar
boris-popesko	boris	popesko
boris-stastny	boris	šťastný
borivoj-sarapatka	bořivoj	šarapatek
bozena-sekaninova	božena	sekaninová
bretislav-petr	břetislav	petr
bretislav-riger	břetislav	riger
bronislav-miczka	bronislav	miczek
bronislav-schwarz	bronislav	schwars
cestmir-brustik	čestmír	bruštík
cestmir-cisar	čestmír	císař
cestmir-doubrava	čestmír	doubrav
cestmir-hofhanzl	čestmír	hofhanzl
cestmir-neoral	čestmír	neoral
cyril-svoboda	cyril	svoboda
cyril-zapletal	cyril	zapletat
dagmar-adamova	dagmar	adamová
dagmar-guslbauerova	dagmar	gušlbauerová
dagmar-lastovecka	dagmar	lastovecký
dagmar-mocova	dagmar	mocová
dagmar-molendova	dagmar	molendová
dagmar-navratilova	dagmar	navrátilová
dagmar-terelmesova	dagmar	terelmešová
dagmar-zverinova	dagmar	zvěřinová
dalibor-blazek	dalibor	blažek
dalibor-grisek	dalibor	gříšek
dalibor-horak	dalibor	horák
dalibor-hudec	dalibor	hudec
dalibor-madej	dalibor	madej
dalibor-matulka	dalibor	matulka
dalibor-mlejnsky	dalibor	mlejnský
dalibor-sadovsky	dalibor	sadovský
dalibor-stambera	dalibor	štambera
dalibor-stribny	dalibor	stříbný
dalibor-stys	dalibor	štys
dalibor-zeleny	dalibor	zelený
dan-jiranek	dan_,h	jiránek
dan-ramzer	dan_,h	ramzer
dan-tok	dan_,h	ťok
dana-balcarova-3	dana	balcarová
dana-berova	dana	bérová
dana-drabova	dana	drábová
dana-filipi	dana	filip
dana-juraskova	dana	jurásková
dana-kotikova	dana	kotíková
dana-kuchtova	dana	kuchtová
dana-lysakova	dana	lysáková
dana-vahalova	dana	váhalová
daniel-fojtu	daniel	fojt
daniel-havlik	daniel	havlík
daniel-herman	daniel	herman
daniel-hodek	daniel	hodek
daniel-hulka	daniel	hůlka
daniel-korbel	daniel	korbel
daniel-korte	daniel	korte
daniel-krajcer	daniel	krajcer
daniel-kroupa	daniel	kroupa
daniel-kunc	daniel	kunce
daniel-lipsic	daniel	lipšice
daniel-marek	daniel	marek
daniel-pawlas	daniel	pawlas
daniel-petruska	daniel	petrušek
daniel-reisiegel	daniel	reisiegel
daniel-rovan	daniel	rovan
daniel-rychnovsky	daniel	rychnovský
daniel-stroz	daniel	strož
daniela-filipiova	daniel	filipiová
daniela-hebnarova	daniel	hebnarová
daniela-kovarova	daniel	kovářová
daniela-razkova	daniel	rázková
david-beke	david	beke
david-daduc	david	daduč
david-kadner	david	kádner
david-kafka	david	kafka
david-kasal	david	kasal
david-kopecky	david	kopecký
david-macek	david	macek
david-pfleger	david	pfleger
david-prazak-5	david	pražák
david-rath	david	rath
david-seich	david	šeich
david-slouf	david	šlouf
david-stolpa	david	štolpa
david-sventek	david	sventek
david-vaclavik	david	václavík
david-vodrazka	david	vodrážek
david-zak	david	žák
dis.-aneta	dis	anet
dita-charanzova	dita	charanzová
dominik-feri	dominik	feri
dominika-myslivcova	dominik	myslivcová
drago-sukalovsky	drago	sukalovský
drahomira-miklosova	drahomíra	miklošová
drahomira-perinova	drahomíra	peřinová
drahoslav-oulehla	drahoslav	oulehl
drahoslava-bartoskova	drahoslav	bartošková
dusan-kulka	dušan	kulka
dusan-navratil	dušan	navrátil
dusan-salficky	dušan	salfický
dusan-tesnar	dušan	tešnar
dzamila-stehlikova	džamit	stehlíková
edmund-janisch	edmund	janisch
eduard-bures	eduard	bureš
eduard-hulicius	eduard	hulicius
eduard-janota	eduard	janota
eduard-matykiewicz	eduard	matykiewicz
eduard-sohlich	eduard	sohlich
eduard-vavra	eduard	vávra
eduard-zeman	eduard	zeman
edvard-kozusnik	edvard	kožušník
edvard-outrata	edvard	outrata
edvard-outrata-1	edvard	outrata
egon-lansky	egon	lánský
eliska-wagnerova	eliška	wagnerová
ellen-volavkova	ellen	volavková
emanuel-arnold	emanuel	arnold
emanuel-mandler	emanuel	mandler
emanuel-zdarsky	emanuel	žďárský
emil-noha-1	emil	noha
emil-skrabis	emil	škrabiš
emilie-triskova-2	emilie	třísková
enda-kenny	end	kenny
erich-janderka	erich	janderk
esma-opravilova	esma	opravilová
eugen-jurzyca	eugen	jurzyca
eva-bartonova	eva	bartoňová
eva-dundackova	eva	dundáčková
eva-fialova-8	eva	fialová
eva-fischerova	eva	fischerová
eva-hajerova	eva	hajerová
eva-haunerova	eva	haunerová
eva-herinkova	eva	herinková
eva-kislingerova	eva	kislingerová
eva-machova	eva	machová
eva-matouskova	eva	matoušková
eva-matyasova	eva	matyášová
eva-novakova	eva	nováková
eva-novakova-1	eva	nováková
eva-pavlicikova	eva	pavličíková
eva-richtrova	eva	richtrová
eva-schwarzova	eva	schwarzová
eva-stauderova	eva	štauderová
eva-striteska	eva	stříteská
eva-sykova	eva	syková
eva-tylova-1	eva	tylová
eva-valjentova	eva	valjentová
eva-vorlickova	eva	vorlíčková
eva-zamrazilova	eva	zamrazilová
evzen-smrkovsky	evžen	smrkovský
evzen-snitily	evhnout	snítilý
evzen-tosenovsky	evžen	tošenovský
evzen-uher	evžen	uher
filip-busina	filip	bušina
filip-dvorak	filip	dvořák
filip-dvorak-20	filip	dvorák
filip-galnor	filip	galnor
filip-hracek	filip	hráček
filip-karel	filip	karel
filip-lauko	filip	lauko
filip-sedlak	filip	sedlák
filip-zacek	filip	žáček
florian-zednik	florián	zedník
francis-radovan-steiner	francis	radovan	šteiner
frantisek-adamec	františek	adamec
frantisek-adamek	františek	adámek
frantisek-bartos	františek	bartoš
frantisek-benda	františek	benda
frantisek-benes	františek	beneš
frantisek-blaha	františek	bláha
frantisek-bradac	františek	bradáč
frantisek-brendl	františek	brendl
frantisek-brozik	františek	brožík
frantisek-bublan	františek	bublan
frantisek-cech	františek	čech
frantisek-chabicovsky	františek	chabičovský
frantisek-chobot	františek	chobot
frantisek-chovanec-3	františek	chovanec
frantisek-cuba	františek	čuba
frantisek-cunas-starek	františek	čuňas	stárek
frantisek-dedic	františek	dědič
frantisek-elfmark-1	františek	elfmark
frantisek-gabor	františek	gábor
frantisek-holesovsky	františek	holešovský
frantisek-hromada	františek	hromada
frantisek-hrusa	františek	hruša
frantisek-hubacek	františek	hubáček
frantisek-jirava	františek	jirava
frantisek-kacenka	františek	kačenka
frantisek-konecny	františek	konečný
frantisek-konecny-1	františek	konečný
frantisek-konicek	františek	koníček
frantisek-kopecky	františek	kopecký
frantisek-kopecky-1	františek	kopecký
frantisek-kopriva-20	františek	kopřiva
frantisek-kozel	františek	kozel
frantisek-kroupa	františek	kroupa
frantisek-laudat	františek	laudát
frantisek-lobkowicz-1	františek	lobkowicz
frantisek-lukl	františek	lukl
frantisek-mares-29	františek	mareš
frantisek-matejka-9	františek	matějka
frantisek-mezihorak	františek	mezihorák
frantisek-nesetril	františek	šetřit
frantisek-novak	františek	novák
frantisek-novosad	františek	novosad
frantisek-ondrus	františek	ondruš
frantisek-pejril	františek	pejřil
frantisek-pelant	františek	pelant
frantisek-pelc	františek	pelc
frantisek-pesek	františek	pešek
frantisek-petrtyl	františek	petrtýl
frantisek-pilka	františek	pilka
frantisek-pluhar	františek	pluhař
frantisek-pohanka	františek	pohanka
frantisek-pokorny-9	františek	pokorný
frantisek-prihoda	františek	příhoda
frantisek-rehak-1	františek	řehák
frantisek-ringo-cech	františek	ringo	čech
frantisek-rosenbaum	františek	rosenbaum
frantisek-ruzicka	františek	růžička
frantisek-sivera	františek	sivera
frantisek-snajdauf	františek	šnajdauf
frantisek-spanbauer	františek	španbauer
frantisek-stafa	františek	štafa
frantisek-stangl	františek	štanglie
frantisek-strnad	františek	strnad
frantisek-svoboda	františek	svoboda
frantisek-trnka	františek	trnka
frantisek-vacha	františek	vácha
frantisek-vizda	františek	vižďa
frantisek-vizda-1	františek	vižda
frantisek-vizek	františek	vízek
frantisek-vnoucek	františek	vnouček
frantisek-vosecky	františek	vosecký
frantisek-weisbauer	františek	weisbauer
frantisek-weiss-1	františek	weiss
frantisek-zelnicek	františek	zelníček
gabriel-blazek	gabriel	blažek
gabriel-kovacs	gabriel	kovács
gabriela-hubackova	gabriela	hubáčková
gabriela-kalabkova	gabriela	kalábková
gabriela-peckova	gabriela	pecková
gerta-mazalova	gert	mazalová
gustav-pilch	gustav	pilch
gustav-schreiner	gustav	schreiner
gustav-slamecka	gustáv	slamečka
gustav-slamecka-1	gustav	slamečka
hana-aulicka-3	hana	aulický
hana-aulicka-jirovcova	hana	aulický	jírovcová
hana-doupovcova	hana	doupovcová
hana-entlerova	hana	entlerová
hana-hajna	hana	hajná
hana-horska	hana	horský
hana-hulova	hana	hůlová
hana-lagova	hana	lagová
hana-maierova	hana	maierová
hana-marvanova	hana	marvanová
hana-moravcova	hana	moravcová
hana-moudra	hana	moudrá
hana-novakova	hana	nováková
hana-orgonikova	hana	orgoníková
hana-prileska	hana	příleská
hana-sediva	hana	šedivá
hana-skorpilova	hana	škorpilová
hana-tomanova	hana	tomanová
hana-tumova	hana	tůmová
hana-vackova-15	hana	vacková
hana-veronika-konvalinkova	hana	veronika	konvalinková
harald-cadilek	harald	čadílek
hassan-mezian	hassan	mezian
helena-chudomelova	helena	chudomelová
helena-dvorackova	helena	dvořáčková
helena-illnerova	helena	illnerová
helena-kubcova	helena	kubcová
helena-kucova	helena	kučová
helena-langsadlova	helena	langšádlová
helena-lasztoviczova	helena	lasztoviczová
helena-mallotova	helena	mallotová
helena-matousova	helena	matoušová
helena-rognerova	helena	rögnerová
helena-sykorova	helena	sýkorová
helena-trestikova	helena	třeštíková
helena-valkova	helena	válková
helena-vrzalova	helena	vrzalová
helmut-dohnalek	helmut	dohnálek
herbert-pavera	herbert	pavera
herman-chromy	heřman	chromý
hynek-fajmon	hynek	fajmon
hynek-kmonicek	hynek	kmoníček
hynek-kmonicek-1	hynek	kmoníček
ignac-hoza	ignáce	hoza
igor-chlup	igor	chlupy
igor-jakubcik	igor	jakubčík
igor-nemec	igor	němec
igor-nykl	igor	nykl
igor-petrov	igor	petrov
igor-svojak	igor	svoják
ilja-racek	ilja	racek
ilja-smid	ilja	šmíd
ilona-mauritzova	ilona	mauritzová
ilona-pickova-1	ilona	picková
ilona-svihlikova	ilona	švihlíková
ilona-tajchnerova	ilona	tajchnerová
irena-bartonova-1	irena	bartoňová
irena-koci	iret	koč
irena-matonohova	irena	matonohová
irena-moudra-3	irena	moudrá
irena-ondrova	irena	ondrová
irena-ropkova	irena	ropková
irena-rottova	irena	rottová
istvan-leko	ištvat	léko
iva-sediva	iva	šedivá
iva-ticha	iva	tichý
ivan-adamec	ivan	adamec
ivan-bartos	ivan	bartoš
ivan-bartos-11	ivan	bartoš
ivan-becvar	ivan	bečvář
ivan-david	ivan	david
ivan-dejmal	ivan	dejmal
ivan-dolezal	ivan	doležal
ivan-fuksa	ivan	fuks
ivan-gabal	ivan	gabal
ivan-gasparovic	ivan	gašparovič
ivan-havlicek	ivan	havlíček
ivan-jac-4	ivan	jáč
ivan-jancarek	ivan	jančárek
ivan-jestrab	ivan	jestřáb
ivan-kabicky	ivan	kabický
ivan-kocarnik	ivan	kočárník
ivan-kosatik	ivan	kosatík
ivan-kunetka	ivan	kunetka
ivan-langer	ivan	langer
ivan-langr-1	ivan	langr
ivan-liska	ivan	liška
ivan-marak	ivan	mařák_,h
ivan-masek	ivan	mašek
ivan-miklos	ivan	mikloš
ivan-ohlidal	ivan	ohlídal
ivan-pilip	ivan	pilip
ivan-pilny	ivan	pilný
ivan-skala	ivan	skála
ivan-strachon	ivan	strachoň
ivan-svitak-1	ivan	sviták
ivan-uhliarik	ivan	uhliarik
ivana-bartosova	ivana	bartošová
ivana-bezdickova	ivana	bezdíčková
ivana-cabrnochova	ivana	cabrnochová
ivana-dobesova	ivana	dobešová
ivana-dvorakova	ivana	dvořáková
ivana-hanacikova	ivana	hanačíková
ivana-holomkova	ivana	holomková
ivana-hujerova	ivana	hujerová
ivana-janu	ivana	jan
ivana-leva	ivana	levá
ivana-majickova	ivana	majíčková
ivana-mojzyskova	ivana	mojžyšková
ivana-plechata	ivana	plechatá
ivana-popelova	ivana	popelová
ivana-rapkova	ivana	řápková
ivana-straska	ivana	stráský
ivana-weberova	ivana	weberová
ivana-weberova-2	ivana	weberová
iveta-hejnova	iveta	hejnová
iveta-radicova	iveta	radičová
iveta-voznakova	iveta	vozňáková
ivo-barek	ivo	bárek
ivo-gruner	ivo	grüner
ivo-harovsky	ivo	hařovský
ivo-honicky	ivo	honický
ivo-jahelka	ivo	jahelka
ivo-kantor	ivo	kantor
ivo-kralicek	ivo	králíček
ivo-moravec	ivo	moravec
ivo-pegrimek	ivo	pěgřímek
ivo-pojezny	ivo	pojezný
ivo-polak	ivo	polák
ivo-raska	ivo	raška
ivo-rittig	ivo	rittig
ivo-sanc	ivo	šance
ivo-slavotinek	ivo	slavotínek
ivo-strejcek	ivo	strejček
ivo-svoboda	ivo	svoboda
ivo-toman	ivo	toman
ivo-uher	ivo	uher
ivo-valenta	ivo	valenta
ivo-vasicek	ivo	vašíček
ivo-vasicek-1	ivo	vašícek
ivo-vlach	ivo	vlach
ivo-vondrak	ivo	vondrák
ivo-vykydal	ivo	vykydat
jakub-heller	jakub	heller
jakub-hrncirik	jakub	hrnčiřík
jakub-hussar	jakub	hussar
jakub-janda	jakub	janda
jakub-janda-5	jakub	janda
jakub-kleindienst	jakub	kleindienst
jakub-korda	jakub	korda
jakub-kraus	jakub	kraus
jakub-kutilek	jakub	kutílek
jakub-landovsky	jakub	landovský
jakub-leps	jakub	lepš
jakub-michalek	jakub	michálek
jakub-panik	jakub	pánik
jakub-rychtecky	jakub	rychtecký
jakub-sebesta	jakub	šebesta
jakub-unucka	jakub	unucko
jakub-zavoral	jakub	zavorat
jan-andrusko	jan	andruško
jan-babor	jan	babor
jan-bartosek	jan	bartošek
jan-bartuska-3	jan	bartušek
jan-bauer	jan	bauer
jan-bem	jan	bý
jan-benda	jan	benda
jan-beranek-34	jan	beránek
jan-birke	jan	birke
jan-blaha	jan	bláha
jan-bondy	jan	bond
jan-brezina	jan	březina
jan-bures	jan	bureš
jan-burgermeister	jan	bürgermeister
jan-cechlovsky	jan	čechlovský
jan-cermak	jan	čermák
jan-chvojka	jan	chvojka
jan-cizinsky	jan	čižinský
jan-decker	jan	decker
jan-dostal	jan	dostál
jan-drsata	jan	dršata
jan-dusik	jan	dusík
jan-farsky	jan	farský
jan-fencl	jan	fencl
jan-figel	ján	figeľ
jan-fischer	jan	fischer
jan-florian	jan	florián
jan-foldyna	jan	foldyna
jan-groh	jan	groh
jan-gruza	jan	grůza
jan-hadrava	jan	hadrava
jan-hajda	jan	hajda
jan-halek	jan	hálek
jan-hamacek	jan	hamáček
jan-holasek	jan	holásek
jan-hollan	jan	hollan
jan-holpuch	jan	holpuch
jan-holub	jan	holub
jan-hornik	jan	horník_,e
jan-hrdy	jan	hrdý
jan-hrkal	jan	hrkal
jan-hrncir	jan	hrnčíř
jan-hruska	jan	hruška
jan-husak	jan	husák
jan-jakob	jan	jakob
jan-jarolim	jan	jarolím
jan-jaros	jan	jaroš
jan-jegla	jan	jegl
jan-jestrabek	jan	jestřábek
jan-jilek-12	jan	jílek
jan-kacer-4	jan	kačer
jan-kalvoda	jan	kalvoda
jan-kasal	jan	kasal
jan-kasl	jan	kasl
jan-kavan	jan	kavan
jan-keller	jan	keller
jan-kerner	jan	kerner
jan-klak	jan	klak
jan-klan	jan	klán
jan-klas	jan	klas
jan-klima	jan	klíma
jan-kobza-1	jan	kobza
jan-kohout	jan	kohout
jan-kolman	jan	kolman
jan-korytar	jan	korytář
jan-kostrhun	jan	kostrhun
jan-kotek	jan	kotek
jan-koucky	jan	koucký
jan-koukal	jan	koukal
jan-kramek	jan	krámek
jan-krehlik	jan	křehlík
jan-krejci	jan	krejčí
jan-krkoska	jan	krkošek
jan-krycer	jan	kryčer
jan-kubata	jan	kubato
jan-kubice	jan	kubice
jan-kurka	jan	kůrka
jan-lata	jan	lata
jan-latka	jan	látka
jan-lhota-3	jan	lhota
jan-lipavsky-2	jan	lipavský
jan-litomisky	jan	litomiský
jan-machac	jan	machač
jan-maly	jan	malý
jan-malypetr-1	jan	malypetr
jan-masaryk-4	jan	masaryk
jan-michalek	jan	michálek
jan-mladek	jan	mládek
jan-morava	jan	morava
jan-nadvornik	jan	nádvorník
jan-navratil	jan	navrátil
jan-nemec	jan	němec
jan-nezmar	jan	nezmar
jan-novak	jan	novák
jan-novotny-104	jan	novotný
jan-pajer	jan	pajero
jan-patzelt	jan	patzelt
jan-piegl	jan	piegl
jan-poduska	jan	podušek
jan-posvar-3	jan	pošvář
jan-q37152174	jan	q37152174
jan-rakusan	jan	rakušan
jan-rehounek	jan	řehounek
jan-rejfek	jan	rejfek
jan-rericha	jan	řeřich
jan-richter-33	jan	richter
jan-rozkosny-4	jan	rozkošný
jan-santl	jan	šantl
jan-schiller	jan	schiller
jan-schwippel	jan	schwippel
jan-sechter	jan	sechter
jan-sedlacek	jan	sedláček
jan-skacel-5	jan	skácel
jan-skopecek	jan	skopeček
jan-skopik	jan	škopík
jan-slamecka	jan	slámečka
jan-slavik-12	jan	slavík
jan-slota	ján	slota
jan-smitka	jan	smitka
jan-smutny	jan	smutný
jan-sobotka	jan	sobotka
jan-sobotka-16	jan	sobotka
jan-sokol	jan	sokol
jan-spika	jan	špik
jan-sramek-12	jan	šrámek
jan-stejskal-11	jan	stejskal
jan-sterba-23	jan	štěrba
jan-stransky-28	jan	stránský
jan-strasky	jan	stráský
jan-svatek	jan	svátky
jan-svoboda	jan	svoboda
jan-szanto	jan	szántó
jan-tesar	jan	tesař
jan-tichy	jan	tichý
jan-tippner	jan	tippner
jan-trcka	jan	trčka
jan-trebicky	jan	třebický
jan-trnka-7	jan	trnka
jan-trubiroha	jan	trubiroha
jan-tvrdik	jan	tvrdík
jan-vanac	jan	vanáč
jan-veleba	jan	veleba
jan-vidim	jan	vidím
jan-vik	jan	vik
jan-vitula	jan	vitula
jan-volny	jan	volný
jan-voracek	jan	voráček
jan-vrany	jan	vraný
jan-vrba-31	jan	vrba
jan-wolf	jan	wolf
jan-wolf-2	jan	wolf
jan-zahradil	jan	zahradit
jan-zahradil-2	jan	zahradit
jan-zahradnicek	jan	zahradníček
jan-zahradnik	jan	zahradník
jan-zaloudik	jan	žaloudík
jan-zapletal	jan	zapletal
jan-zechovsky	jan	zechovský
jan-zizka	jan	žižka
jana-bacikova	jana	bačíková
jana-bazelova	jana	bazelová
jana-bobosikova	jana	bobošíková
jana-bohunkova	jana	bohuňková
jana-bohunovska	jana	bohuňovská
jana-cernoch-5	jana	černoch
jana-cernochova	jana	černochová
jana-cunatova	jana	čunátová
jana-drapalova	jana	drápalová
jana-drastichova	jana	drastichová
jana-feberova	jana	feberová
jana-fialova	jana	fialová
jana-fischerova	jana	fischerová
jana-gavlasova	jana	gavlasová
jana-hamplova	jana	hamplová
jana-hanzlikova	jana	hanzlíková
jana-hlavacova-18	jana	hlaváčová
jana-hnykova	jana	hnyková
jana-hybaskova	jana	hybášková
jana-jurencakova	jana	juřenčáková
jana-kaslova	jana	kaslová
jana-konecna	jana	konečný
jana-krejsova	jana	krejsová
jana-krutakova	jana	krutáková
jana-levova-7	jana	levová
jana-lorencova	jana	lorencová
jana-malacova	jana	maláčová
jana-marcova---petrova	jana	marcová	petrová
jana-necasova	jana	nečasová
jana-novakova-hotarova	jana	nováková	hotařová
jana-novakova-hotarova-1	jana	nováková	hotařová
jana-pastuchova	jana	pastuchová
jana-pernicova	jana	pernicová
jana-peskova	jana	pešková
jana-petrova-8	jana	petrová
jana-plaminkova	jana	plamínková
jana-rybinova	jana	rybínová
jana-rysankova	jana	ryšánková
jana-sucha	jana	suchý
jana-tresnakova	jana	třešňáková
jana-vanhova	jana	vaňhová
jana-vildumetzova	jana	vildumetzová
jana-volfova	jana	volfová
janusz-konieczny	janusz	konieczna
jarmila-bohackova	jarmila	boháčková
jarmila-filipova	jarmila	filipová
jaromir-brychta	jaromír	brychta
jaromir-chalupa	jaromír	chalupa
jaromir-cisar	jaromír	císař
jaromir-czmero	jaromír	czmero
jaromir-drabek	jaromír	drábek
jaromir-dusek	jaromír	dušek
jaromir-hrebecky	jaromír	hřebecký
jaromir-jermar	jaromír	jermář
jaromir-kalina	jaromír	kalina
jaromir-kalus	jaromír	kalus
jaromir-kohlicek	jaromír	kohlíček
jaromir-novak	jaromír	novák
jaromir-novotny	jaromír	novotný
jaromir-obzina-1	jaromír	obzina
jaromir-privratsky	jaromír	přívratský
jaromir-schling	jaromír	schling
jaromir-schneider	jaromír	schneider
jaromir-simanek	jaromír	šimánek
jaromir-sliva	jaromír	slív
jaromir-soukup	jaromír	soukup
jaromir-stetina	jaromír	štětina
jaromir-strnad	jaromír	strnad
jaromir-talir	jaromír	talíř
jaromir-volny	jaromír	volný
jaromira-vitkova	jaromír	vítková
jaroslav-achab-haidler	jaroslav	achab	haidler
jaroslav-bajt	jaroslav	bajt
jaroslav-bartos	jaroslav	bartoš
jaroslav-basta	jaroslav	bašta
jaroslav-bauer	jaroslav	bauer
jaroslav-borka	jaroslav	borka
jaroslav-bradac	jaroslav	bradáč
jaroslav-broulik	jaroslav	broulík
jaroslav-bures	jaroslav	bureš
jaroslav-businsky	jaroslav	businský
jaroslav-bzoch-1	jaroslav	bžoch
jaroslav-chmelar	jaroslav	chmelař
jaroslav-doubrava	jaroslav	doubrav
jaroslav-drozd	jaroslav	drozd
jaroslav-dubsky	jaroslav	dubský
jaroslav-dvorak	jaroslav	dvořák
jaroslav-dvorak-110	jaroslav	dvořák
jaroslav-ecek	jaroslav	eček
jaroslav-faltynek	jaroslav	faltýnek
jaroslav-fiala	jaroslav	fiala
jaroslav-fiser	jaroslav	fišer
jaroslav-foldyna	jaroslav	foldyna
jaroslav-gongol	jaroslav	gongol
jaroslav-hejl	jaroslav	hejl
jaroslav-holik	jaroslav	holík
jaroslav-horak	jaroslav	horák
jaroslav-hrb	jaroslav	hrb
jaroslav-jurecka	jaroslav	jurečka
jaroslav-klaska	jaroslav	klašek
jaroslav-klein	jaroslav	klein
jaroslav-klodner	jaroslav	klodner
jaroslav-kominek	jaroslav	komínek
jaroslav-koran-1	jaroslav	kořán
jaroslav-kozesnik	jaroslav	kožešník
jaroslav-krakora	jaroslav	krákora
jaroslav-kral	jaroslav	král
jaroslav-krupka	jaroslav	krupka
jaroslav-kubera	jaroslav	kubera
jaroslav-kubin	jaroslav	kubín
jaroslav-kucera	jaroslav	kučera
jaroslav-kytyr	jaroslav	kytýr
jaroslav-lastovicka	jaroslav	laštovička
jaroslav-lobkowicz	jaroslav	lobkowicz
jaroslav-mach	jaroslav	mach
jaroslav-maly	jaroslav	malý
jaroslav-manasek	jaroslav	maňásek
jaroslav-martinu	jaroslav	martin
jaroslav-matejka	jaroslav	matějka
jaroslav-maxmilian-kasparu	jaroslav	maxmilián	kašpar
jaroslav-melichar	jaroslav	melichar
jaroslav-mensik	jaroslav	menšík
jaroslav-mitlener	jaroslav	mitlener
jaroslav-mojzis	jaroslav	mojžíš
jaroslav-musial	jaroslav	musial
jaroslav-novak-3	jaroslav	novák
jaroslav-novak-vecernicek	jaroslav	novák	večerníček
jaroslav-novak-vecernicek-1	jaroslav	novák	večerníček
jaroslav-novak-vecernicek-2	jaroslav	novák	večerníček
jaroslav-orel	jaroslav	orel
jaroslav-ortman	jaroslav	ortman
jaroslav-palas	jaroslav	palas
jaroslav-parolek	jaroslav	parolek
jaroslav-perger	jaroslav	perger
jaroslav-pesan	jaroslav	pešán
jaroslav-petrik	jaroslav	petřík
jaroslav-plachy	jaroslav	plachý
jaroslav-podzimek	jaroslav	podzimek
jaroslav-ruzicka	jaroslav	růžička
jaroslav-salivar	jaroslav	salivar
jaroslav-sedivy	jaroslav	šedivý
jaroslav-sedivy-10	jaroslav	šedivý
jaroslav-siro	jaroslav	siro
jaroslav-skarka	jaroslav	škárek
jaroslav-slambor	jaroslav	šlambor
jaroslav-sobr	jaroslav	šobr
jaroslav-soural	jaroslav	soural
jaroslav-strait	jaroslav	štrait
jaroslav-suchanek-3	jaroslav	suchánek
jaroslav-sula	jaroslav	šula
jaroslav-svehla	jaroslav	švehla
jaroslav-sykacek	jaroslav	sykáček
jaroslav-sykora	jaroslav	sýkora
jaroslav-tvrdik	jaroslav	tvrdík
jaroslav-unger	jaroslav	unger
jaroslav-vandas	jaroslav	vandas
jaroslav-vetrovsky	jaroslav	větrovský
jaroslav-vlcek	jaroslav	vlček
jaroslav-vocelka	jaroslav	vocelka
jaroslav-vodicka-2	jaroslav	vodička
jaroslav-vymazal	jaroslav	vymazat
jaroslav-zavadil	jaroslav	zavadit
jaroslav-zednik	jaroslav	zedník
jaroslav-zelenka	jaroslav	zelenka
jaroslav-zeman	jaroslav	zeman
jaroslav-zizka	jaroslav	žižka
jaroslav-zverina	jaroslav	zvěřina
jaroslava-jermanova	jaroslava	jermanová
jaroslava-moserova	jaroslava	moserová
jaroslava-nemcova-4	jaroslava	němcová
jaroslava-pokorna-jermanova	jaroslava	pokorný	jermanová
jaroslava-pokorna-jermanova-1	jaroslava	pokorný	jermanová
jaroslava-schejbalova	jaroslava	schejbalová
jaroslava-vackova-12	jaroslava	vacková
jaroslava-wenigerova	jaroslava	wenigerová
jeronym-tejc	jeroný	tejc
jindrich-dvorak-21	jindřich	dvořák
jindrich-florian	jindřich	florián
jindrich-forejt	jindřich	forejt
jindrich-holub-4	jindřich	holub
jindrich-konecny-1	jindřich	konečný
jindrich-navratil	jindřich	navrátil
jindrich-nehera	jindřich	neher
jindrich-nemcik	jindřich	němčík
jindrich-ondrus	jindřich	ondruš
jindrich-orator	jindřich	orátor
jindrich-snejdrla	jindřich	šnejdrla
jindrich-sznapka	jindřich	sznapek
jindrich-tauber	jindřich	tauber
jindrich-valouch	jindřich	valouch
jindrich-vedlich	jindřich	vedlich
jindrich-wurm	jindřich	wurm
jindriska-zachardova	jindřiška	zachardová
jiri-altman	jiří	altman
jiri-balvin	jiří	balvín
jiri-baumruk	jiří	baumruk
jiri-behounek	jiří	běhounek
jiri-besser	jiří	besser
jiri-bily	jiří	bílý
jiri-bily-1	jiří	bílý
jiri-binter	jiří	binter
jiri-bis	jiří	bis
jiri-blaha-82	jiří	bláha
jiri-brtnicky	jiří	brtnický
jiri-brydl	jiří	brýdl
jiri-burian	jiří	burian
jiri-buric	jiří	buřič
jiri-carbol	jiří	carbol
jiri-caslavka	jiří	čáslavka
jiri-castecka	jiří	částečka
jiri-cejka	jiří	čejka
jiri-cejka-1	jiří	čejka
jiri-cepelka	jiří	čepelka
jiri-cernota	jiří	černota
jiri-cerovsky-8	jiří	čeřovský
jiri-cervenka	jiří	červenka
jiri-cienciala	jiří	cienciala
jiri-cienciała	jiří	cieńciał
jiri-crha	jiří	crh
jiri-crha-11	jirí	crh
jiri-cunek	jiří	čunek
jiri-dienstbier	jiří	dienstbier
jiri-dienstbier-1	jiří	dienstbier
jiri-dolejs	jiří	dolejš
jiri-dolezal-29	jiří	doležal
jiri-dort	jiří	dort
jiri-drapela	jiří	drápela
jiri-drda	jiří	drda
jiri-dusek-49	jiří	dušek
jiri-faifr	jiří	faifr
jiri-grusa	jiří	gruša
jiri-hajek-1	jiří	hájek
jiri-hanus	jiří	hanuš
jiri-haringer	jiří	haringer
jiri-havel	jiří	havel
jiri-havlicek	jiří	havlíček
jiri-havlicek-1	jiří	havlíček
jiri-havlik	jiří	havlík
jiri-hendrych	jiří	hendrych
jiri-hlavaty-23	jiří	hlavatý
jiri-hlavenka	jiří	hlavenka
jiri-hofman	jiří	hofman
jiri-holan	jiří	holan
jiri-holecek	jiří	holeček
jiri-holinger	jiří	holinger
jiri-holubar	jiří	holubář
jiri-honajzer	jiří	honajzer
jiri-horak-23	jiří	horák
jiri-horak-9	jiří	horák
jiri-hrabina	jiří	hrabina
jiri-hromada	jiří	hromada
jiri-hvezda	jiří	hvězda
jiri-hynek	jiří	hynek
jiri-janata	jiří	janata
jiri-janda	jiří	janda
jiri-janecek	jiří	janeček
jiri-janku	jiří	janka
jiri-jukl	jiří	jukl
jiri-junek	jiří	junek
jiri-kaderabek	jiří	kadeřábek
jiri-karas	jiří	karas
jiri-kittner	jiří	kittner
jiri-kladnicek-3	jiří	kladníček
jiri-klein	jiří	klein
jiri-klsak	jiří	klsák
jiri-kobza-2	jiří	kobza
jiri-kocandrle	jiří	kočandrle
jiri-kohoutek-9	jiří	kohoutek
jiri-koliba	jiří	koliba
jiri-konvalina-5	jiří	konvalina
jiri-koskuba	jiří	koskub
jiri-kotek	jiří	kotek
jiri-koubek	jiří	koubek
jiri-kral	jiří	král
jiri-kratky	jiří	krátký
jiri-krejci	jiří	krejčí
jiri-kubicek-11	jiří	kubíček
jiri-kulhanek	jiří	kulhánek
jiri-kulich	jiří	kulich
jiri-kuthan	jiří	kuthan
jiri-lajtoch	jiří	lajtoch
jiri-liska	jiří	liška
jiri-lobkowicz	jiří	lobkowicz
jiri-lodr	jiří	lodr
jiri-luska	jiří	lusko
jiri-machacek	jiří	macháček
jiri-machalik	jiří	machalík
jiri-madar	jiří	madar
jiri-malek	jiří	málek
jiri-manek	jiří	mánek
jiri-martinek	jiří	martinek
jiri-maryt	jiří	maryt
jiri-masek-50	jiří	mašek
jiri-masopust-12	jiří	masopust
jiri-mastalka	jiří	maštálek
jiri-mihola	jiří	mihola
jiri-misensky	jiří	míšenský
jiri-musilek-1	jiří	musílek
jiri-nedoma	jiří	nedoma
jiri-nemec	jiří	němec
jiri-nosek	jiří	nosek
jiri-nouza	jiří	nouza
jiri-novak	jiří	novák
jiri-oberfalzer	jiří	oberfalzer
jiri-oberfalzer-4	jirí	oberfalzer
jiri-oliva	jiří	oliva
jiri-oliva-1	jiří	oliva
jiri-paluska	jiří	palusko
jiri-papez	jiří	papež
jiri-paroubek	jiří	paroubek
jiri-patocka	jiří	patočka
jiri-pavlov	jiří	pavlov
jiri-payne	jiří	payne
jiri-pehe	jiří	pehe
jiri-pelikan-26	jiří	pelikán
jiri-perina	jiří	peřina
jiri-petru	jiří	petrů
jiri-polansky	jiří	polanský
jiri-pospisil	jiří	pospíšil
jiri-pospisil-1	jiří	pospíšil
jiri-rozboril	jiří	rozbořil
jiri-rozinek	jiří	rozinek
jiri-ruckl	jiří	rückl
jiri-rusnok	jiří	rusnok
jiri-rusnok-1	jiří	rusnok
jiri-rutkovsky	jiří	rutkovský
jiri-ruzicka	jiří	růžička
jiri-sedivy	jiří	šedivý
jiri-sedivy-1	jiří	šedivý
jiri-senkyr	jiří	šenkýř
jiri-sestak	jiří	šesták
jiri-sir	jiří	šír
jiri-skalicky	jiří	skalický
jiri-skalicky-1	jiří	skalický
jiri-skoda	jiří	škoda
jiri-slegr	jiří	šlégr
jiri-sneberger	jiří	šneberger
jiri-sochor	jiří	sochor
jiri-solc	jiří	šolc
jiri-soler	jiří	šoler
jiri-srba	jiří	srb
jiri-stadler	jiří	stadler
jiri-stepan	jiří	štěpán
jiri-stetina	jiří	štětina
jiri-stodulka	jiří	stodůlek
jiri-stritesky	jiří	stříteský
jiri-strobach	jiří	strobach
jiri-strucek	jiří	struček
jiri-strycek	jiří	strýček
jiri-styler	jiří	štyler
jiri-sulc	jiří	šulc
jiri-svec	jiří	švec
jiri-svoboda	jiří	svoboda
jiri-svoboda-304	jiří	svoboda
jiri-sykora-73	jiří	sýkora
jiri-tresnak	jiří	třešňák
jiri-trmac	jiří	trmač
jiri-ulip	jiří	ulip
jiri-uricar	jiří	uřičář
jiri-vackar	jiří	vačkář
jiri-vaclavek	jiří	václavek
jiri-valenta	jiří	valenta
jiri-ventruba	jiří	ventruba
jiri-viktorin	jiří	viktorín
jiri-vitek	jiří	vítek
jiri-vitek-56	jiří	vítek
jiri-vitvar	jiří	vitvar
jiri-vlach	jiří	vlach
jiri-voralek	jiří	vorálek
jiri-vorlicek	jiří	vorlíček
jiri-vosecky	jiří	vosecký
jiri-vyvadil	jiří	vyvadet
jiri-vzientek	jiří	vzientek
jiri-witzany	jiří	witzana
jiri-witzany-1	jiří	witzana
jiri-zak	jiří	žák
jiri-zelenka-31	jiří	zelenka
jiri-zemanek	jiří	zemánek
jiri-zeronik	jiří	zeronik
jiri-zimola	jiří	zimola
jiri-zlatuska	jiří	zlatušek
jirina-fialova-4	jiřina	fialová
jirina-pavlikova	jiřina	pavlíková
jirina-rippelova	jiřina	rippelová
jirina-siklova	jiřina	šiklová
jirina-svorcova	jiřina	švorcová
jitka-chalankova	jitka	chalánková
jitka-gruntova	jitka	gruntová
jitka-kocianova	jitka	kocianová
jitka-kupcova	jitka	kupčová
jitka-sachetova	jitka	sachetová
jitka-seitlova	jitka	seitlová
jitka-synkova	jitka	synková
jitka-vojtilova	jitka	vojtilová
jitka-volfova	jitka	volfová
jitka-zikmundova	jitka	zikmundová
josef-babka	josef	babka
josef-bakes	josef	bakeš
josef-barak-7	josef	barák
josef-baum	josef	baum
josef-bejcek	josef	bejček
josef-belica-2	josef	bělica
josef-bernard	josef	bernard
josef-bilek-31	josef	bílek
josef-biza	josef	bíža
josef-borak	josef	borák
josef-cernansky	josef	čerňanský
josef-cervinka	josef	červinka
josef-cogan	josef	cogan
josef-dobes	josef	dobeš
josef-dvorak	josef	dvořák
josef-effenberger	josef	effenberger
josef-frank-9	josef	frank
josef-guttmann	josef	guttmann
josef-hajek	josef	hájek
josef-hajek-1	josef	hájek
josef-hajek-15	josef	hájek
josef-hanika	josef	hanik
josef-hasil-1	josef	hasil
josef-herbrych	josef	herbrych
josef-herold	josef	herold
josef-hojdar	josef	hojdar
josef-holub	josef	holub
josef-hora	josef	hora
josef-houzak	josef	houzák
josef-hurta	josef	hurt
josef-hybes-1	josef	hybeš
josef-jadrny	josef	jadrný
josef-jaluvka	josef	jalůvka
josef-janecek	josef	janeček
josef-janecek-1	josef	janeček
josef-jarab	josef	jařab
josef-jesina	josef	ješina
josef-jezek	josef	ježek
josef-jezek-1	josef	ježek
josef-kalbac	josef	kalbáč
josef-kana	josef	kaňa
josef-kodet	josef	kodety
josef-korcak-5	josef	korčák
josef-kott	josef	kott
josef-krejci	josef	krejčí
josef-krejsa	josef	krejsa
josef-krizek	josef	křížek
josef-krofta	josef	krofta
josef-krofta-5	josef	krofta
josef-krupik	josef	krupík
josef-kubat	josef	kubát
josef-kubis	josef	kubiš
josef-kucera	josef	kučera
josef-kvasnicka	josef	kvasnička
josef-lukasek	josef	lukášek
josef-lux	josef	lux
josef-macik	josef	macík
josef-maly	josef	malý
josef-mandik	josef	mandík
josef-marz	josef	märz
josef-masek	josef	mašek
josef-matejek	josef	matějka
josef-mikulasek	josef	mikulášek
josef-mikuta	josef	mikuta
josef-mlady	josef	mladý
josef-molin	josef	molín
josef-murco	josef	murčo
josef-nekl	josef	nekl
josef-netek	josef	nétek
josef-nosek	josef	nosek
josef-novak	josef	novák
josef-novak-107	josef	novák
josef-novotny	josef	novotný
josef-novotny-1	josef	novotný
josef-novotny-ml.	josef	novotný	mnout
josef-novotny-st.	josef	novotný	st
josef-ostadal	josef	ošťádal
josef-pavel	josef	pavel
josef-pavela	josef	pavel
josef-pavela-3	josef	pavel
josef-pavlata	josef	pavlata
josef-pavlik	josef	pavlík
josef-pavlik-1	josef	pavlík
josef-plojhar-3	josef	plojhar
josef-polacek	josef	poláček
josef-pravda	josef	pravda
josef-prucha	josef	průcha
josef-rihak	josef	řihák
josef-rihak-7	josef	rihák
josef-sedlbauer	josef	šedlbauer
josef-senfeld	josef	šenfeld
josef-skala	josef	skála
josef-slovak	josef	slovák
josef-smrkovsky-1	josef	smrkovský
josef-smykal	josef	smýkal
josef-svarcbek	josef	švarcbek
josef-taborsky	josef	táborský
josef-tancos	josef	tancoš
josef-tosovsky	josef	tošovský
josef-uhlik	josef	uhlík
josef-ullmann	josef	ullmann
josef-vacek	josef	vacek
josef-vaculik	josef	vaculík
josef-valenta	josef	valenta
josef-vejvoda	josef	vejvoda
josef-veverka-18	josef	veverka
josef-vicha	josef	vícha
josef-vondrasek	josef	vondrášek
josef-vondruska	josef	vondruška
josef-vozdecky	josef	vozdecký
josef-zahradnicek	josef	zahradníček
josef-zdarsky	josef	žďárský
josef-zickler	josef	zickler
josef-zieleniec	josef	zieleniec
josef-zieleniec-1	josef	zieleniec
josef-zikmund	josef	zikmund
josef-zimovcak	josef	zimovčák
josef-zoser	josef	zoser
josefa-kolmanova	josef	kolmanová
joseph-wolfram	joseph	wolfram
jozef-kochan	jozef	kochan
jozef-kubinyi	jozef	kubinyi
jozef-mihal	jozef	mihál
jozef-regec	jozef	regec
jozef-vrabec	jozef	vrabec
jozef-wagner	jozef	wagner
jozsef-berenyi	józsef	berényi
jozsef-nagy	józsef	naga
julius-spicak	julius	špičák
juraj-chmiel	juraj	chmiel
juraj-miskov	juraj	miškov
juraj-raninec	juraj	raninec
juraj-thoma	juraj	thoma
kamal-farhan	kamal	farhan
kamil-bednar	kamil	bednář
kamil-calta	kamil	calta
kamil-jan-svoboda	kamil	jan	svoboda
kamil-jankovsky	kamil	jankovský
karel-bartak	karel	barták
karel-baxa-2	karel	baxa
karel-borecky	karel	bořecký
karel-brezina	karel	březina
karel-burda	karel	burda
karel-cermak	karel	čermák
karel-cerny	karel	černý
karel-dlouhy	karel	dlouhý
karel-domin-1	karel	domin
karel-dyba	karel	dyba
karel-englis-3	karel	engliš
karel-fiedler	karel	fiedler
karel-floss	karel	floss
karel-grabein-prochazka	karel	grabein	procházka
karel-grabein-prochazka-1	karel	grabein	procházka
karel-gros-2	karel	groš
karel-hanzlik	karel	hanzlík
karel-hofer	karel	hofer
karel-holomek-2	karel	holomek
karel-horcicka	karel	horčička
karel-hosek	karel	hošek
karel-hrdy	karel	hrdý
karel-jakobec	karel	jakobec
karel-janecek	karel	janeček
karel-janousek	karel	janoušek
karel-jarusek	karel	jarůšek
karel-kapoun	karel	kapoun
karel-klima	karel	klíma
karel-konecny	karel	konečný
karel-korytar	karel	korytář
karel-kratochvile	karel	kratochvíle
karel-kubos	karel	kuboš
karel-kuhnl	karel	kühnl
karel-kula	karel	kula
karel-kvit	karel	kvit
karel-ledvinka	karel	ledvinka
karel-mach-1	karel	mach
karel-machovec	karel	machovec
karel-markytan	karel	markytán
karel-matousek	karel	matoušek
karel-molnar	karel	molnár
karel-nedbalek	karel	nedbálek
karel-nejezchleb	karel	nejezchleby
karel-prazak	karel	pražák
karel-prymus	karel	prymus
karel-rais	karel	rais
karel-schwarzenberg	karel	schwarzenberg
karel-sebek	karel	šebek
karel-sebek-1	karel	šebek
karel-sehor	karel	sehoř
karel-sibinsky	karel	sibinský
karel-sidlo	karel	šidlo
karel-simsa	karel	šimša
karel-skoupil	karel	skoupil
karel-sladecek-1	karel	sládeček
karel-splichal	karel	šplíchal
karel-splichal-8	karel	šplíchal
karel-sviha-1	karel	šviha
karel-tejnora	karel	tejnor
karel-tichy-25	karel	tichý
karel-turecek	karel	tureček
karel-urbanek-10	karel	urbánek
karel-vachta	karel	vachta
karel-vlasak	karel	vlasák
karel-vymetal	karel	vymětat
karl-kreibich	karl	kreibich
karla-marikova	karel	maříková
karla-slechtova	karel	šlechtová
karol-lesny	karola	lesný
karol-sliwka	karol	śliwka
karola-haasova	karola	haasová
karolina-hrbkova	karolín	hrbková
karolina-koubova	karolín	koubová
karolina-peake	karolín	peake
karolina-zakovska-1	karolín	žákovská
katerina-bursikova-3	kateřina	bursíková
katerina-dostalova	kateřina	dostálová
katerina-francova	kateřina	francová
katerina-hojna	kateřina	hojná
katerina-jacques	kateřina	jacques
katerina-konecna	kateřina	konečný
katerina-lojdova	kateřina	lojdová
katerina-pancova	kateřina	pancová
katerina-radostova	kateřina	radostová
katerina-sebestova	kateřina	šebestová
katerina-valachova	kateřina	valachová
klara-alzbeta-samkova	klára	alžběta	samková
klara-dostalova	klára	dostálová
klara-liptakova	klára	liptáková
klara-samkova	klára	samková
klara-slamova	klára	slámová
klaus-mike-hubner	klaus	mike	hübner
konstantin-jirecek	konstantin	jireček
kosta-dimitrov	kosta	dimitrov
kristyna-hudcova	kristýn	hudcová
kristyna-koci	kristýn	kočí
kristyna-zelienkova	kristýn	zelienková
krystof-harant-2	kryštof	harant
kveta-matusovska	květa	matušovská
kveta-rybarova	květa	rybárová
kvetoslava-celisova	květoslava	čelišová
kvetoslava-moravkova	květoslava	morávková
ladislav-adamec-6	ladislav	adamec
ladislav-batora	ladislav	bátor
ladislav-blazek	ladislav	blažek
ladislav-body	ladislav	body
ladislav-bycek	ladislav	býček
ladislav-cabada	ladislav	cabada
ladislav-chlupac	ladislav	chlupáč
ladislav-drly	ladislav	drlý
ladislav-effenberk	ladislav	effenberk
ladislav-jirku	ladislav	jirků
ladislav-kantor-2	ladislav	kantor
ladislav-karsky	ladislav	kárský
ladislav-korbel	ladislav	korbel
ladislav-kos	ladislav	kos
ladislav-kruml	ladislav	kruml
ladislav-krystof	ladislav	kryštof
ladislav-kunert	ladislav	kunert
ladislav-langr-8	ladislav	langr
ladislav-macak	ladislav	macák
ladislav-macek	ladislav	macek
ladislav-miko	ladislav	miko
ladislav-minarik	ladislav	minařík
ladislav-mlcak	ladislav	mlčák
ladislav-nedorost	ladislav	nedorost
ladislav-oklestek	ladislav	okleštěk
ladislav-rymes	ladislav	rymeš
ladislav-sedivy	ladislav	šedivý
ladislav-sekanina	ladislav	sekanin
ladislav-sincl	ladislav	šincl
ladislav-skerik	ladislav	škeřík
ladislav-skopal	ladislav	skopal
ladislav-skorpil	ladislav	škorpil
ladislav-snevajs	ladislav	šnevajs
ladislav-sustr	ladislav	šustr
ladislav-svoboda	ladislav	svoboda
ladislav-tajovsky	ladislav	tajovský
ladislav-urban	ladislav	urban
ladislav-vaclavec	ladislav	václavec
ladislav-vejmelek	ladislav	vejmělek
ladislav-velebny	ladislav	velebný
ladislav-vomacko	ladislav	vomáčko
ladislav-vrchovsky	ladislav	vrchovský
ladislav-zupanic	ladislav	županič
ladislava-zelenkova	ladislav	zelenková
laura-janackova	laura	janáčková
laura-rajsiglova	laura	rajsiglová
lenka-andrysova	lenka	andrýsová
lenka-drazilova	lenka	dražilová
lenka-jaklova	lenka	jaklová
lenka-kadlecova	lenka	kadlecová
lenka-kohoutova	lenka	kohoutová
lenka-kozlova-4	lenka	kozlová
lenka-kozlova-5	lenka	kozlová
lenka-mazuchova	lenka	mazuchová
lenka-mergenthalova	lenka	mergenthalová
lenka-ptackova-melicharova	lenka	ptáčková	melicharová
lenka-teska-arnostova	lenka	tescu	arnoštová
lenka-teska-arnostova-1	lenka	tescu	arnoštová
leo-luzar	leo	luzar
leo-steiner	leo	steiner
leopold-sulovsky	leopold	sulovský
leopold-zubek	leopold	zubek
leos-heger	leoš	heger
leos-kucera	leoš	kučera
lev-prchala	lev	prchal
liana-janackova	lian	janáčková
libena-dobrovolna	libit	dobrovolný
libor-ambrozek	libor	ambrozek
libor-folwarczny	libor	folwarczna
libor-hadrava	libor	hadrava
libor-honzarek	libor	honzárek
libor-jezek	libor	ježek
libor-joukl	libor	joukl
libor-kratky	libor	krátký
libor-kudlacek	libor	kudláček
libor-lesak	libor	lesák
libor-lukas	libor	lukáš
libor-michalek	libor	michálek
libor-novak	libor	novák
libor-novak-1	libor	novák
libor-nowak	libor	nowak
libor-pavlu	libor	pavl
libor-roucek	libor	rouček
libor-secka	libor	sečka
libor-sembera	libor	šembera
libor-slezak	libor	slezák
libor-stastka	libor	šťástka
libor-stastka-1	libor	štástka
libuse-benesova	libuše	benešová
libuse-houskova	libuše	houšková
lidie-vajnerova	lidie	vajnerová
linda-kozusnikova	lind	kožušníková
lubomir-chudoba	lubomír	chudoba
lubomir-franc	lubomír	franc
lubomir-galko	ľubomír	galko
lubomir-konecny	lubomír	konečný
lubomir-kulisek	lubomír	kulíšek
lubomir-ledl	lubomír	ledl
lubomir-metnar	lubomír	metnar
lubomir-necas	lubomír	nečas
lubomir-spanel-1	lubomír	španěl
lubomir-strougal-1	lubomír	štrougal
lubomir-suk	lubomír	suk
lubomir-toufar	lubomír	toufar
lubomir-volny-1	lubomír	volný
lubomir-zaoralek	lubomír	zaorálek
lubomir-zmolik	lubomír	žmolík
lubos-dobrovsky	luboš	dobrovský
lubos-dvorak	luboš	dvořák
lubos-kadlec	luboš	kadlec
lubos-nemec	luboš	němec
lubos-novy	luboš	nový
lubos-prusa	luboš	průša
lubos-rehak	luboš	řehák
lubos-zalom	luboš	zálom
lucia-zitnanska	lucie	žitňanská
lucie--safrankova	lucie	šafránková
lucie-hasalova	lucie	hasalová
lucie-hemrova	lucie	hemrová
lucie-horvathova	lucie	horváthová
lucie-kozlova	lucie	kozlová
lucie-michkova	lucie	michková
lucie-talmanova	lucie	talmanová
lucie-vavrova	lucie	vávrová
ludek-jenista	luděk	jeništa
ludek-niedermayer	luděk	niedermayer
ludek-polasek	luděk	polášek
ludek-sefzig	luděk	sefzig
ludek-zahradnicek	luděk	zahradníček
ludmila-brynychova	ludmila	brynychová
ludmila-bubenikova	ludmila	bubeníková
ludmila-mullerova	ludmila	müllerová
ludmila-navratilova	ludmila	navrátilová
ludvik-frejka	ludvík	frejk
ludvik-hovorka	ludvík	hovorka
ludvik-motycka	ludvík	motyček
lukas-barton	lukáš	bartoň
lukas-cernohorsky	lukáš	černohorský
lukas-curylo	lukáš	curylo
lukas-kaucky	lukáš	kaucký
lukas-kolarik-1	lukáš	kolářík
lukas-konecny	lukáš	konečný
lukas-macek	lukáš	macek
lukas-manhart	lukáš	manhart
lukas-martin	lukáš	martin
lukas-pleticha	lukáš	pletich
lukas-pohanka	lukáš	pohanka
lukas-semerak	lukáš	semerák
lukas-stepanek	lukáš	štěpánek
lukas-tuma	lukáš	tůma
lukas-vlcek	lukáš	vlček
lukas-zenaty	lukáš	ženatý
lumir-aschenbrenner	lumír	aschenbrenner
lumir-kantor	lumír	kantor
lumir-kvaca	lumír	kváč
lumir-palyza	lumír	palyza
magda-krivanova	magda	křivanová
magda-vasaryova	magda	vášáryová
magdalena-davis	magdalena	davis
marcel-chladek	marcel	chládek
marcel-hajek	marcel	hájek
marcel-hrabe	marcel	hrabě
marcel-kolaja	marcel	kolaja
marcel-winter	marcel	winter
marcela-hanakova	marcela	hanáková
marcela-melkova	marcela	melková
marcela-mertinova	marcela	mertinová
marek-benda	marek	benda
marek-cernoch	marek	černoch
marek-dalik	marek	dalík
marek-hrabac-1	marek	hrabáč
marek-janicek	marek	janíček
marek-jecmenek	marek	ječmének
marek-pieter	marek	pieter
marek-polednicek	marek	poledníček
marek-semerad	marek	semerád
marek-slapal	marek	šlapal
marek-snajdr	marek	šnajdr
marek-vavra	marek	vávra
marek-vocel	marek	vocel
marek-vyborny	marek	výborný
marek-zenisek	marek	ženíšek
margita-balastikova	margita	balaštíková
maria-koudelova	mário	koudelová
marian-bielesz	marián_,x	bielesz
marian-bojko	marián_,x	bojko
marian-hosek	marián	hošek
marian-jurecka	marián_,x	jurečka
marian-keremidsky	marián_,x	keremidský
marian-kotleba	marián_,x	kotleba
marian-kus	marián_,x	kuś
marian-kus-8	marián_,x	kus
marian-lebiedzik	marián_,x	lebiedzik
marian-olejnik	marián	olejník
mariana-koutska	marián	koutský
marie-benesova	marie	benešová
marie-cackova	marie	cacková
marie-hakenova---ulrichova	marie	hakenová	ulrichová
marie-hakenova-ulrichova	marie	hakenová	ulrichová
marie-horcicova	marie	hořčicová
marie-jilkova	marie	jílková
marie-kabrhelova	marie	kabrhelová
marie-kaufmann	marie	kaufmann
marie-kaufmannova	marie	kaufmannová
marie-kousalikova	marie	kousalíková
marie-kruzikova	marie	kružíková
marie-machata	marie	machatá
marie-nedvedova	marie	nedvědová
marie-noveska	marie	noveská
marie-pencikova	marie	pěnčíková
marie-rubisarova-medova	marie	rubišarová	medová
marie-rubisarova-medova-1	marie	rubišarová	medová
marie-rusova	marie	rusová
marie-souckova	marie	součková
marie-stiborova	marie	stiborová
marketa-adamova	markéta	adamová
marketa-fialkova	markéta	fialková
marketa-gregorova-4	markéta	gregorová
marketa-pekarova-1	markéta	pekarová
marketa-reedova	markéta	reedová
marketa-wernerova	markéta	wernerová
marketa-zaleska	markéta	záleská
marta-bayerova	marta	bayerová
marta-hubova	marta	hubová
marta-kubisova	marta	kubišová
marta-novakova-29	marta	nováková
marta-semelova	marta	semelová
martin,-kosatka	martin	košatek
martin-ander	martin	ander
martin-bartak	martin	barták
martin-baxa	martin	baxa
martin-berger	martin	berger
martin-bilek	martin	bílek
martin-cervicek	martin	červíček
martin-charvat	martin	charvát
martin-chudoba	martin	chudoba
martin-dvorak	martin	dvořák
martin-dvorak-1	martin	dvořák
martin-fiala	martin	fiala
martin-gregora	martin	gregor
martin-hausenblas	martin	hausenblas
martin-havel	martin	havel
martin-herzan	martin	herzán
martin-holcat	martin	holcát
martin-horak	martin	horák
martin-horalek	martin	horálek
martin-hrnecek	martin	hrneček
martin-huncovsky	martin	huncovský
martin-hysky	martin	hyský
martin-jahn	martin	jahn
martin-jan-stransky	martin	jan	stránský
martin-janecka-3	martin	janečka
martin-jiranek-1	martin	jiránek
martin-juroska	martin	jurošek
martin-klepetko	martin	klepetko
martin-klika	martin	klika
martin-knetig	martin	knetig
martin-kocourek	martin	kocourek
martin-kolovratnik	martin	kolovratník
martin-komarek	martin	komárek
martin-konvicka	martin	konvička
martin-kral	martin	král
martin-kremer	martin	kremer
martin-kuba	martin	kuba
martin-kuncl	martin	kuncl
martin-kupka	martin	kupka
martin-landa	martin	land
martin-langmajer	martin	langmajer
martin-lank	martin	lank
martin-mach-11	martin	mach
martin-major	martin	major
martin-malecek	martin	maleček
martin-malek	martin	málek
martin-marek	martin	marek
martin-marsik	martin	maršík
martin-mata	martin	mata
martin-mecir	martin	mečíř
martin-mejstrik	martin	mejstřík
martin-nawrath	martin	nawrath
martin-nejedly	martin	nejedlý
martin-netolicky	martin	netolický
martin-novotny	martin	novotný
martin-palous	martin	palouš
martin-pecina	martin	pecin
martin-plisek	martin	plíšek
martin-potucek	martin	potůček
martin-povejsil	martin	povejšil
martin-priban	martin	přibáň
martin-pus	martin	puš
martin-puta	martin	půta
martin-puta-4	martin	půta
martin-riman	martin	říman
martin-sedlar	martin	sedlář
martin-sepp	martin	sepp
martin-sikora	martin	sikora
martin-skabraha	martin	škabrah
martin-smetana	martin	smetana
martin-soukup	martin	soukup
martin-starec	martin	starec
martin-stepanek	martin	štěpánek
martin-stepanek-1	martin	štěpánek
martin-strakos	martin	strakoš
martin-stropnicky	martin	stropnický
martin-syka	martin	syka
martin-tesarik	martin	tesařík
martin-tomco	martin	tomčo
martin-turnovsky	martin	turnovský
martin-vacek	martin	vacek
martin-vavra	martin	vávra
martin-vitecek	martin	víteček
martin-vitu	martin	vít
martin-zrzavecky	martin	zrzavecký
martina-berdychova	martin	berdychová
martina-bufkova-2	martin	bufková
martina-bufkova-rychecka	martin	bufková	rychecká
martina-dlabajova	martin	dlabajová
martina-hrazdilova	martin	hrazdilová
martina-krizkova	martin	křížková
martina-milerova	martin	milerová
martina-rosenbergova	martin	rosenbergová
martina-sejkorova	martin	sejkorová
matej-fichtner	matěj	fichtner
matej-hollan	matěj	hollan
matej-hon	matěj	hon
matej-kral	matěj	král
matej-stropnicky	matěj	stropnický
matej-stropnicky-1	matěj	stropnický
matous-vencalek	matouš	vencálek
mba-jaroslava	mba	jaroslav
mba-josef	mba	josef
michael-canov	michael	can
michael-hrbata	michael	hrbato
michael-kocab	michael	kocáb
michael-kunes	michael	kuneš
michael-trojka	michael	trojka
michael-zantovsky	michael	žantovský
michaela-marksova-tominova	michaela	marksová	tominová
michaela-opltova-1	michaela	opltová
michaela-sojdrova	michaela	šojdrová
michaela-suchardova	michaela	suchardová
michaela-tumova	michaela	tůmová
michaela-vojtova	michaela	vojtová
michal-babak	michal	babák
michal-berg	michal	berg
michal-doktor	michal	doktor
michal-dvorak	michal	dvořák
michal-frankl	michal	frankl
michal-giacintov	michal	giacintov
michal-hasek	michal	hašek
michal-horacek	michal	horáček
michal-horak	michal	horák
michal-jagelka	michal	jagelka
michal-janeba	michal	janeba
michal-janek	michal	janka
michal-kolacek	michal	koláček
michal-kortys	michal	kortyš
michal-kovac	michal	kováč
michal-kraus	michal	kraus
michal-kuban	michal	kubáň
michal-kucera	michal	kučera
michal-kucian	michal	kucián
michal-kudrnac	michal	kudrnáč
michal-marianek	michal	mariánek
michal-pohanka	michal	pohanka
michal-prokop	michal	prokop
michal-ratiborsky	michal	ratiborský
michal-risko	michal	riško
michal-sebek	michal	šebek
michal-simkanic	michal	simkanič
michal-stehlik	michal	stehlík
michal-symersky	michal	symerský
michal-toufar	michal	toufar
michalel-fischer	michalel	fischer
mikulas-dzurinda	mikuláš	dzurinda
mikulas-ferjencik-1	mikuláš	ferjenčík
mikulas-peksa	mikuláš	peksa
mikulas-q37330477	mikuláš	q37330477
milada-emmerova	milada	emmerová
milada-halikova	milada	halíková
milada-kadlecova	milada	kadlecová
milan-balaban	milan	balaban
milan-bicik	milan	bičík
milan-brazdil	milan	brázdil
milan-bures	milan	bureš
milan-cabrnoch	milan	cabrnoch
milan-chovanec	milan	chovanec
milan-coller	milan	coller
milan-ekert	milan	ekert
milan-erbert	milan	erbert
milan-feranec	milan	feranec
milan-hamersky	milan	hamerský
milan-hnilicka-4	milan	hnilička
milan-horacek	milan	horáček
milan-horalek-1	milan	horálek
milan-jancik	milan	jančík
milan-jaros	milan	jaroš
milan-knazko	milan	kňažko
milan-kolar	milan	kolář
milan-kolar-1	milan	kolář
milan-kolka	milan	kolek
milan-kondr	milan	kondr
milan-kondr-2	milan	kondr
milan-kosar	milan	košař
milan-kyncl	milan	kynčl
milan-loukota	milan	loukota
milan-nemec	milan	němec
milan-nemec-1	milan	němec
milan-pesak	milan	pešák
milan-plodik	milan	plodík
milan-pour	milan	pour
milan-richter	milan	richter
milan-rusev	milan	rusev
milan-sarapatka	milan	šarapatek
milan-simonovsky	milan	šimonovský
milan-smid	milan	šmíd
milan-sommer	milan	sommer
milan-spacek	milan	špaček
milan-spas	milan	špás
milan-stech	milan	štěch
milan-stovicek	milan	šťovíček
milan-uhde	milan	uhde
milan-urban	milan	urban
milan-venclik	milan	venclík
milan-volf	milan	volf
milan-wenzl	milan	wenzl
milan-zuna	milan	zun
milena-kolarova	milena	kolářová
milena-kovarikova	milena	kovaříková
milena-kozumplikova	milena	kozumplíková
milena-starkova	milena	stárková
milena-vicenova	milena	vicenová
milos-adamec	miloš	adamec
milos-babis	miloš	babiš
milos-janecek	miloš	janeček
milos-krcmar	miloš	krčmář
milos-kuzvart	miloš	kužvart
milos-maly	miloš	malý
milos-masa	miloš	máša
milos-melcak	miloš	melčák
milos-patera	miloš	patera
milos-petera	miloš	peter
milos-skocovsky	miloš	skočovský
milos-tita	miloš	tito
milos-titz	miloš	titz
milos-vystrcil	miloš	vystrčit
milos-zeman	miloš	zeman
miloslav-baciak	miloslav	bačiak
miloslav-cermak	miloslav	čermák
miloslav-janulik	miloslav	janulík
miloslav-kala	miloslav	kal
miloslav-kucera	miloslav	kučera
miloslav-kucera-1	miloslav	kučera
miloslav-kucera-ml.	miloslav	kučera	mnout
miloslav-kucera-st.	miloslav	kučera	st
miloslav-ludvik	miloslav	ludvík
miloslav-muller	miloslav	müller
miloslav-muller-7	miloslav	müller
miloslav-pelc	miloslav	pelc
miloslav-plass	miloslav	plass
miloslav-ransdorf-1	miloslav	ransdorf
miloslav-rozner	miloslav	rozner
miloslav-simak	miloslav	šimák
miloslav-sousek	miloslav	soušek
miloslav-stasek	miloslav	stašek
miloslav-vlcek	miloslav	vlček
miloslav-vyborny	miloslav	výborný
miloslava-bacova	miloslav	bačová
miloslava-posvarova	miloslav	pošvářová
miloslava-rutova	miloslav	rutová
miloslava-vostra	miloslav	vostrá
milous-jakes	milouš	jakeš
miluse-horska	miluše	horský
mirek-topolanek	mirka	topolánek
miroslav-adamek	miroslav	adámek
miroslav-antl	miroslav	antl
miroslav-benes	miroslav	beneš
miroslav-bernasek	miroslav	bernášek
miroslav-boublik	miroslav	boublík
miroslav-brabec	miroslav	brabec
miroslav-capek	miroslav	čapek
miroslav-cerbak	miroslav	čerbák
miroslav-coufal	miroslav	coufal
miroslav-fronek	miroslav	froněk
miroslav-galuska-3	miroslav	galuška
miroslav-grebenicek	miroslav	grebeníček
miroslav-gregr	miroslav	grégr
miroslav-hudec	miroslav	hudec
miroslav-jenik	miroslav	jeník
miroslav-joch	miroslav	joch
miroslav-kalousek	miroslav	kalousek
miroslav-kapoun-7	miroslav	kapoun
miroslav-kasny	miroslav	kašný
miroslav-kasparek	miroslav	kašpárek
miroslav-klega	miroslav	klega
miroslav-knotek	miroslav	knotek
miroslav-kobsa	miroslav	kobsa
miroslav-kostelka	miroslav	kostelka
miroslav-krajicek	miroslav	krajíček
miroslav-krejca	miroslav	krejča
miroslav-krejci	miroslav	krejčí
miroslav-krenek	miroslav	křenek
miroslav-krizek	miroslav	křížek
miroslav-lestina	miroslav	leštin
miroslav-lidinsky	miroslav	lidinský
miroslav-mace	miroslav	máč
miroslav-macek-12	miroslav	macek
miroslav-nenutil	miroslav	nutit
miroslav-novak	miroslav	novák
miroslav-novotny	miroslav	novotný
miroslav-opalka	miroslav	opálek
miroslav-ouzky	miroslav	ouzký
miroslav-petran	miroslav	petráň
miroslav-petrik	miroslav	petřík
miroslav-poche	miroslav	poche
miroslav-raska	miroslav	raška
miroslav-reznicek	miroslav	řezníček
miroslav-rojicek	miroslav	rojíček
miroslav-rovensky	miroslav	rovenský
miroslav-sindlar	miroslav	šindlář
miroslav-singer	miroslav	singer
miroslav-skacel	miroslav	skácel
miroslav-skaloud	miroslav	škaloud
miroslav-sladek	miroslav	sládky
miroslav-slouf	miroslav	šlouf
miroslav-stejskal	miroslav	stejskal
miroslav-stepan-25	miroslav	štěpán
miroslav-svoboda	miroslav	svoboda
miroslav-toman	miroslav	toman
miroslav-tyl	miroslav	tyl
miroslav-uchytil	miroslav	uchytil
miroslav-vacek	miroslav	vacek
miroslav-vana-2	miroslav	váňa
miroslav-vlasak	miroslav	vlasák
miroslava-kopicova	miroslav	kopicová
miroslava-nemcova	miroslav	němcová
miroslava-strnadlova	miroslav	strnadlová
miroslava-vlckova	miroslav	vlčková
mitt-romney	mitt	romney
mojmir-fucik	mojmír	fučík
mojmir-jurak	mojmír	jurák
mojmir-stuchlik-1	mojmír	stuchlík
mojmir-vlasin	mojmír	vlašín
monika-haskova	monika	hašková
monika-jarosova-6	monika	jarošová
monika-mihalickova	monika	mihaličková
monika-oborna	monika	oborný
mpa-pavla	mpa	pavel
nada-sterbova	naďa	štěrbová
nadezda-dobesova-3	naděžda	dobešová
nadezda-siskova	naděžda	šišková
nikola-horejs	nikol	hořejš
nina-novakova	nina	nováková
nina-skottova	nina	škottová
nora-dvorak	nora	dvořák
oldrich-bubenicek	oldřich	bubeníček
oldrich-cernik	oldřich	černík
oldrich-chodera	oldřich	choděra
oldrich-docekal	oldřich	dočekal
oldrich-duchon	oldřich	duchoň
oldrich-kuzilek	oldřich	kužílek
oldrich-lomecky	oldřich	lomecký
oldrich-martinu-1	oldřich	martin
oldrich-nemec	oldřich	němec
oldrich-rysavy	oldřich	ryšavý
oldrich-rysavy-3	oldřich	ryšavý
oldrich-vaca	oldřich	váca
oldrich-vlasak	oldřich	vlasák
oldrich-vojir	oldřich	vojíř
oldrich-vrcha	oldřich	vrch
oldrich-vrcha-1	oldřich	vrch
oleg-kalas	oleg	kalaš
olga-halakova	oľg	haláková
olga-halakova-1	olga	haláková
olga-havlova	olga	havlová
olga-havlova-4	olga	havlová
olga-krizova	olga	křížová
olga-richterova	olga	richterová
olga-sehnalova	olga	sehnalová
olga-sehnalova-1	olga	sehnalová
olga-sommerova	olga	sommerová
olga-zubova	olga	zubová
oliver-pospisil	oliver	pospíšil
ondrej-benesik	ondřej	benešík
ondrej-benesik-1	ondrej	benešík
ondrej-betak	ondřej	běták
ondrej-feber	ondřej	feber
ondrej-horak	ondřej	horák
ondrej-hrabal	ondřej	hrabal
ondrej-huml	ondřej	huml
ondrej-hysek-1	ondřej	hýsek
ondrej-kolar-8	ondřej	kolář
ondrej-kolek	ondřej	kolek
ondrej-kubesa	ondřej	kubesa
ondrej-liska	ondřej	liška
ondrej-lnenicka	ondřej	lněnička
ondrej-mlejnek-2	ondřej	mlejnek
ondrej-palounek	ondřej	palounek
ondrej-pecha	ondřej	pecha
ondrej-pecha-2	ondrej	pecha
ondrej-plasil	ondřej	plašil
ondrej-polansky	ondřej	polanský
ondrej-profant	ondřej	profant
ondrej-vesely	ondřej	veselý
ondrej-zemina	ondřej	zemina
ondrej-zenisek	ondřej	ženíšek
ota-benc	ota	benc
ota-fejfar	ota	fejfar
otakar-hybner	otakary	hybner
otakar-motejl	otakar	motejl
otakar-ruml	otakar	ruml
otakar-verovsky	otakary	veřovský
otakar-vychodil	otakar	vychodet
otmar-homolka	otmar	homolka
oto-kosta	oto	košt
oto-neubauer	oto	neubauer
otto-chaloupka	otto	chaloupka
otto-libal	otto	libal
otto-wichterle-1	otto	wichterle
otto-zucker	otto	zucker
patricie-kotalikova	patricia	kotalíková
patrik-hubert-tomsu	patrik	hubert	tomš
patrik-kamas	patrik	kamas_,x
patrik-kuba	patrik	kuba
patrik-kuncar	patrik	kunčar
patrik-nacher	patrik	nacher
pavel-andrejkiv	pavel	andrejkiv
pavel-antonin	pavel	antonín
pavel-bacgon	pavel	bačgoň
pavel-balik	pavel	balík
pavel-barta	pavel	bárta
pavel-belobradek	pavel	bělobrádek
pavel-bem	pavel	bý
pavel-blazek	pavel	blažek
pavel-bohatec	pavel	bohatec
pavel-bradik	pavel	bradík
pavel-bratinka	pavel	bratinka
pavel-caldr	pavel	caldr
pavel-caslava	pavel	čáslav
pavel-cekan	pavel	čekan
pavel-cihak	pavel	čihák
pavel-cizek	pavel	čížek
pavel-dlouhy	pavel	dlouhý
pavel-dlouhy-1	pavel	dlouhý
pavel-dobes	pavel	dobeš
pavel-dostal-49	pavel	dostál
pavel-drobil	pavel	drobil
pavel-dufek	pavel	dufek
pavel-eybert	pavel	eybert
pavel-fischer	pavel	fischer
pavel-fojtik	pavel	fojtík
pavel-franek	pavel	franěk
pavel-havir	pavel	havíř
pavel-herman	pavel	heřman
pavel-himl-2	pavel	himl
pavel-hirs	pavel	hirš
pavel-hlavac	pavel	hlaváč
pavel-hojda	pavel	hojda
pavel-holik	pavel	holík
pavel-horak	pavel	horák
pavel-horalek	pavel	horálek
pavel-horava	pavel	hořava
pavel-hrncir	pavel	hrnčíř
pavel-hrncirik	pavel	hrnčiřík
pavel-hroch	pavel	hroch
pavel-hubeny	pavel	hubený
pavel-hurda	pavel	hurd
pavel-janata	pavel	janata
pavel-jelinek	pavel	jelínek
pavel-jetensky	pavel	jetenský
pavel-jungmann	pavel	jungmann
pavel-klega	pavel	klega
pavel-klener	pavel	klener
pavel-klima	pavel	klíma
pavel-kolar	pavel	kolář
pavel-kordik	pavel	kordík
pavel-kotas	pavel	kotas
pavel-kouda	pavel	kouda
pavel-kovacik	pavel	kováčik
pavel-krivka	pavel	křivka
pavel-kroupa	pavel	kroupa
pavel-kucera	pavel	kučera
pavel-kulicka	pavel	kulička
pavel-kysela	pavel	kysela
pavel-lang	pavel	lang
pavel-lebeda	pavel	lebeda
pavel-louda	pavel	louda
pavel-maixner	pavel	maixner
pavel-malecek	pavel	maleček
pavel-martinek	pavel	martínek
pavel-matousek	pavel	matoušek
pavel-mertlik	pavel	mertlík
pavel-nemec	pavel	němec
pavel-nemec-1	pavel	němec
pavel-novacek	pavel	nováček
pavel-novak	pavel	novák
pavel-pastyrik	pavel	pastyřík
pavel-paulat-1	pavel	paulat
pavel-pesek	pavel	pešek
pavel-petracek	pavel	petráček
pavel-petrzilek	pavel	petržílek
pavel-planicka	pavel	plánička
pavel-planka	pavel	planka
pavel-ploc	pavel	ploc
pavel-plzak	pavel	plzák
pavel-poc	pavel	poc
pavel-podsednik-1	pavel	podsedník
pavel-premysl-ries	pavel	přemysl	ries
pavel-preucil	pavel	přeučit
pavel-prochazka	pavel	procházka
pavel-rezac	pavel	řezáč
pavel-richter	pavel	richter
pavel-rodl-2	pavel	rödl
pavel-rousar	pavel	roušar
pavel-ruzicka-19	pavel	růžička
pavel-rychetsky	pavel	rychetský
pavel-safarik	pavel	šafařík
pavel-seifer	pavel	seifer
pavel-sekanina	pavel	sekanin
pavel-severa	pavel	severa
pavel-sindelar	pavel	šindelář
pavel-slechticky	pavel	šlechtický
pavel-smetana	pavel	smetana
pavel-soltys	pavel	šoltys
pavel-sotola	pavel	šotola
pavel-sramek	pavel	šrámek
pavel-stanek	pavel	staněk
pavel-stanek-1	pavel	staněk
pavel-stepar	pavel	štěpař
pavel-stohl	pavel	štohl
pavel-stojar	pavel	stojar
pavel-studnicka	pavel	studnička
pavel-suchanek	pavel	suchánek
pavel-susicky	pavel	sušický
pavel-sustr	pavel	šustr
pavel-svagr	pavel	švagr
pavel-svoboda	pavel	svoboda
pavel-svoboda-1	pavel	svoboda
pavel-svoboda-2	pavel	svoboda
pavel-svoboda-3	pavel	svoboda
pavel-talir	pavel	talíř
pavel-telicka	pavel	telička
pavel-tigrid	pavel	tigrid
pavel-tollner	pavel	tollner
pavel-trpak	pavel	trpák
pavel-urbasek	pavel	urbášek
pavel-vanousek	pavel	vanoušek
pavel-volcik	pavel	volčík
pavel-vosalik	pavel	vošalík
pavel-zacek	pavel	žáček
pavel-zacek-18	pavel	žáček
pavel-zarecky	pavel	zářecký
pavel-zdarsky	pavel	žďárský
pavel-zemlicka	pavel	žemlička
pavel-zur	pavel	žur
pavla-brady	pavel	brada
pavla-golasowska	pavel	golasowská
pavla-jurkova	pavel	jurková
pavla-slahunkova	pavel	šlahúnková
pavla-topolankova	pavel	topolánková
pavlina-nytrova	pavlín	nytrová
pavol-kubus	pavol	kubuš
pavol-luksa	pavol	lukša
pavol-sepelak	pavol	šepelák
peter-duhan	peter	duhan
peter-hromadka	peter	hromádka
peter-koliba	peter	koliba
peter-moravek	peter	morávek
petr-adam	petr	aodam
petr-bachna	petr	bachna
petr-bajer-10	petr	bajer
petr-beitl-1	petr	beitl
petr-benda	petr	benda
petr-bendl	petr	bendl
petr-brany	petr	braný
petr-bratsky	petr	bratský
petr-brodsky	petr	brodský
petr-burian-8	petr	burian
petr-bursik	petr	bursík
petr-cermak	petr	čermák
petr-cerny	petr	černý
petr-cervenka-1	petr	červenka
petr-cibulka	petr	cibulka
petr-curik	petr	čuřík
petr-dokladal	petr	dokládal
petr-dolinek	petr	dolínek
petr-duchon	petr	duchoň
petr-dvorak	petr	dvořák
petr-fejfar	petr	fejfar
petr-fiala	petr	fiala
petr-gandalovic	petr	gandalovič
petr-gawlas	petr	gawlas
petr-gazdik	petr	gazdík
petr-globocnik	petr	globočník
petr-guziana	petr	guzian
petr-hajek	petr	hájek
petr-hampl-9	petr	hampl
petr-hana	petr	hán
petr-hannig	petr	hannig
petr-hejl	petr	hejl
petr-hejma	petr	hejma
petr-hlubucek-1	petr	hlubuček
petr-hnyk	petr	hnyk
petr-holcner	petr	holcner
petr-holecek	petr	holeček
petr-holicky	petr	holický
petr-hort	petr	hort
petr-hradecky	petr	hradecký
petr-hrdina	petr	hrdina
petr-hromek	petr	hromek
petr-hulinsky	petr	hulinský
petr-ibl	petr	ibl
petr-jakubec	petr	jakubec
petr-jalowiczor	petr	jalowiczor
petr-jancik	petr	jančík
petr-jezek	petr	ježek
petr-jezek-1	petr	ježek
petr-jindra	petr	jindra
petr-kajnar	petr	kajnar
petr-kalas	petr	kalaš
petr-kavan	petr	kavan
petr-kazimirski	petr	kazimirski
petr-kilevnik	petr	kilevník
petr-kohacek	petr	koháček
petr-kolar	petr	kolář
petr-korenek	petr	kořenek
petr-kott	petr	kott
petr-koubek	petr	koubek
petr-kovac	petr	kovač
petr-kratky-21	petr	krátký
petr-kraus-5	petr	kraus
petr-krcal	petr	krčál
petr-krill	petr	krill
petr-krucek	petr	krůček
petr-kudela	petr	kudel
petr-kulhanek	petr	kulhánek
petr-kusnierz	petr	kušnierz
petr-kutilek	petr	kutílek
petr-kuzel	petr	kužel
petr-lachnit	petr	lachnit
petr-ledvina	petr	ledvin
petr-liska	petr	liška
petr-lom	petr	lom
petr-mach	petr	mach
petr-mares	petr	mareš
petr-mateju	petr	matěj
petr-mihalik	petr	mihálik
petr-miller	petr	miller
petr-mison-1	petr	mišoň
petr-mlsna	petr	mlsna
petr-moos	petr	moos
petr-nahlik	petr	náhlík
petr-navratil	petr	navrátil
petr-navratil-1	petr	navrátil
petr-necas	petr	nečas
petr-nemec	petr	němec
petr-nohel-5	petr	nohel
petr-orel	petr	orel
petr-osvald	petr	osvald
petr-pakosta	petr	pakosta
petr-pinos	petr	piňos
petr-pithart	petr	pithart
petr-pleva	petr	plev
petr-podhola	petr	podhola
petr-posmourny	petr	pošmourný
petr-pospichal	petr	pospíchal
petr-prchal	petr	prchal
petr-prochazka	petr	procházka
petr-prochazka-1	petr	procházka
petr-rafaj	petr	rafaj
petr-rund	petr	rund
petr-sadovsky-4	petr	sadovský
petr-selepa	petr	šelepa
petr-silar	petr	šilar
petr-simerka	petr	šimerk
petr-simunek	petr	šimůnek
petr-sindelar	petr	šindelář
petr-skala	petr	skála
petr-skala-21	petr	skála
petr-skokan	petr	skokan
petr-smid-23	petr	šmíd
petr-smutny	petr	smutný
petr-stepanek	petr	štěpánek
petr-stepanek-1	petr	štěpánek
petr-stepanek-2	petr	štěpánek
petr-suchy	petr	suchý
petr-sulak	petr	šulák
petr-sunkovsky	petr	sunkovský
petr-tiso	petr	tiso
petr-tluchor	petr	tluchoř
petr-tresnak-12	petr	třešňák
petr-tulpa	petr	tulpa
petr-tupec	petr	tupec
petr-uhl-11	petr	uhl
petr-urbanek	petr	urbánek
petr-vicha	petr	vícha
petr-vokral	petr	vokřál
petr-vomacka	petr	vomáček
petr-voznica	petr	voznica
petr-vrana-2	petr	vrána
petr-vrzan	petr	vrzáň
petr-wolf	petr	wolf
petr-zahradnicek	petr	zahradníček
petr-zajic	petr	zajet
petr-zenkl-3	petr	zenkl
petr-zgarba	petr	zgarba
petr-zimmermann	petr	zimmermann
petra-buzkova	petra	buzková
petra-kolinska	petr	kolínský
petra-quittova	petr	quittová
petra-rusnakova	petr	rusňáková
ph.d.-zdenek	ph	zdeněk
premysl-malis	přemysl	mališ
premysl-malis-1	přemysl	mališ
premysl-rabas	přemysl	rabas
premysl-samal-3	přemysl	šámal
premysl-sobotka	přemysl	sobotka
prokop-drtina	prokop	drtin
radek-augustin	radka	augustin
radek-cikl	radka	cikl
radek-hlousek	radka	hloušek
radek-holomcik	radka	holomčík
radek-hradil	radka	hradit
radek-john	radka	john
radek-klima	radka	klíma
radek-koten	radka	koten
radek-lacko	radka	lacko
radek-lohynsky	radka	lohynský
radek-polma	radka	polma
radek-popelka	radka	popelka
radek-rechka	radka	řechka
radek-scherfer	radka	scherfer
radek-smerda	radka	šmerda
radek-susil	radka	sušil
radek-vetrovec	radka	větrovec
radek-vondra	radka	vondra
radek-vondracek	radka	vondráček
radek-vonka	radka	vonka
radek-zlesak	radka	zlesák
radim-babinec	radim	babinec
radim-chytka	radim	chytka
radim-fiala	radim	fiala
radim-hejduk	radim	hejduk
radim-holecek	radim	holeček
radim-jirout	radim	jirout
radim-kostlivy	radim	kostlivý
radim-krupala	radim	křupal
radim-spacek	radim	špaček
radim-srsen	radim	sršeň
radim-turek	radim	turek
radim-valencik-1	radim	valenčík
radim-vyslouzil	radim	vysloužit
radim-zika	radim	zik
radka-burketova	radka	burketová
radka-hruskova	radka	hrušková
radka-maxova	radka	maxová
radka-paulova	radka	paulová
radko-martinek	radko	martínek
radmila-kleslova	radmil	kleslová
radomil-schreiber	radomil	schreiber
radomira-nyvltova	radomíra	nývltová
radovan-rastak	radovan	rašťák
radovan-suchanek	radovan	suchánek
radovan-vich-1	radovan	ve
raduan-nwelati	raduan	nwelaťa
renata-chmelova	renata	chmelová
renata-feherova	renata	fehérová
renata-sabongui	renata	sabongui
renata-witoszova	renáta	witoszová
renata-zrnikova	renata	zrníková
rene-budjac	rené	budjač
rene-cip	rené	číp
rene-haba	rené	háb
rene-novotny	rené	novotný
rene-stepanek	rené	štěpánek
rene-zivny	rené	živný
richard-bienert	richard	bienert
richard-brabec	richard	brabec
richard-dolejs	richard	dolejš
richard-falbr	richard	falbr
richard-kreml	richard	kreml
richard-mandelik	richard	mandelík
richard-mrazek	richard	mrázek
richard-nadvornik	richard	nádvorník
richard-neugebauer	richard	neugebauer
richard-nixon	richard	nixon
richard-pikner	richard	pikner
richard-salzmann	richard	salzmann
richard-salzmann-1	richard	salzmann
richard-sequens	richard	sequens
richard-sulik	richard	sulík
richard-svoboda	richard	svoboda
richard-ullisch	richard	ullisch
richard-veres	richard	vereš
risto-ljasovsky	risto	ljasovský
robert-dostal	robert	dostál
robert-dusek	robert	dušek
robert-fico	robert	fico
robert-georgiev	robert	georgiev
robert-houdek	robert	houdek
robert-hrdina	robert	hrdina
robert-kerndl	robert	kerndl
robert-kolar	robert	kolář
robert-kopecky	robert	kopecký
robert-kopecky-1	robert	kopecký
robert-kotzian	robert	kotzian
robert-kralicek	robert	králíček
robert-pelikan	robert	pelikán
robert-plaga	robert	plago
robert-strzinek	robert	stržínek
robert-varga	robert	varga
robert-vokac	robert	vokáč
robin-bohnisch	robin	böhnisch
robin-povsik	robin	povšík
rom-kostrica	rom	kostřica
romain-l'huillier	romain	huillier
roman-cely	roman	celý
roman-ceska	roman	češka
roman-hanak	roman	hanák
roman-houska	roman	housko
roman-hvezda	roman	hvězda
roman-janousek	roman	janoušek
roman-kubicek	roman	kubíček
roman-kumpost	roman	kumpošt
roman-linek	roman	línek
roman-malecek	roman	maleček
roman-onderka	roman	onderka
roman-pekarek	roman	pekárek
roman-petrus	roman	petrus
roman-prochazka	roman	procházka
roman-sklenak	roman	sklenák
roman-skrabanek	roman	škrabánek
roman-smucler	roman	šmucler
roman-sotola	roman	šotola
roman-vana	roman	váňa
romana-liskova	roman	lišková
rostislav-cevela	rostislav	čevel
rostislav-harazin	rostislav	harazin
rostislav-harazin-2	rostislav	harazin
rostislav-slavotinek	rostislav	slavotínek
rostislav-vondruska	rostislav	vondruška
rostislav-vyzula	rostislav	vyzout
rudolf-barak-1	rudolf	barák
rudolf-battek	rudolf	battěk
rudolf-beran-7	rudolf	beran
rudolf-blazek	rudolf	blažek
rudolf-chlad	rudolf	chlad
rudolf-chloupek	rudolf	chloupky
rudolf-chmel	rudolf	chmel
rudolf-cogan	rudolf	cogan
rudolf-hrusinsky-2	rudolf	hrušínský
rudolf-kozak	rudolf	kozák
rudolf-kufa	rudolf	kuf
rudolf-margolius	rudolf	margolius
rudolf-opatril	rudolf	opatřil
rudolf-peltan	rudolf	peltan
rudolf-salvetr	rudolf	salvetr
rudolf-smucr	rudolf	šmucr
rudolf-suchanek-1	rudolf	suchánek
rudolf-tomicek	rudolf	tomíček
rudolf-vodicka	rudolf	vodička
rudolf-wagner-2	rudolf	wagner
rut-bizkova	rut	bízková
sarka-homfray	šárka	homfray
sarka-jelinkova	šárka	jelínková
sarka-kasparkova	šárka	kašpárková
sasa-stembera	sáša	štembera
silva-cernohorska	silva	černohorská
simeon-karamazov	simeon	karamazov
simon-heller	šimon	heller
simona-kafonkova	simona	kafoňková
simona-piperkova	simona	piperková
sona-kodetova	soňa	kodetová
sona-markova	soňa	marková
sona-paukrtova	soňa	paukrtová
stanislav-antos	stanislav	antoš
stanislav-baudys	stanislav	baudyš
stanislav-belehradek	stanislav	bělehrádek
stanislav-berkovec	stanislav	berkovec
stanislav-bernard	stanislav	bernard
stanislav-blaha	stanislav	blaho
stanislav-bolonsky	stanislav	boloňský
stanislav-czudek	stanislav	czudek
stanislav-eichler	stanislav	eichler
stanislav-fischer	stanislav	fischer
stanislav-folwarczny	stanislav	folwarczna
stanislav-fridrich-2	stanislav	fridrich
stanislav-grospic	stanislav	grospič
stanislav-gross	stanislav	gross
stanislav-huml	stanislav	huml
stanislav-juranek	stanislav	juránek
stanislav-kalab	stanislav	kaláb
stanislav-korner	stanislav	körner
stanislav-kovar	stanislav	kovář
stanislav-kozak	stanislav	kozák
stanislav-krecek	stanislav	křeček
stanislav-loukota-3	stanislav	loukota
stanislav-mackovik	stanislav	mackovík
stanislav-misak	stanislav	mišák
stanislav-mrvka	stanislav	mrvka
stanislav-navrkal	stanislav	navrkal
stanislav-nemec	stanislav	němec
stanislav-penicka	stanislav	pěnička
stanislav-pfleger	stanislav	pfléger
stanislav-polcak	stanislav	polčák
stanislav-rampas-1	stanislav	rampas
stanislav-rybak	stanislav	rybák
stanislav-stech	stanislav	štech
stanislav-stepanek-14	stanislav	štěpánek
stanislav-volak	stanislav	volák
stanislava-bumbova	stanislav	bumbová
stanislava-slavikova-2	stanislav	slavíková
stefan-fule	štefan	füle
stepan-krnoul	štěpán	krňoul
stepan-stupcuk	štěpat	stupčuk
stepan-zajac	štěpat	zajac
stepanka-frankova	štěpánka	fraňková
susan-louise-legro	susany	louis	legro
svatava-sterbova	svatava	štěrbová
svatomir-mlcoch	svatomír	mlčoch
svatomir-recman	svatomír	recman
svatopluk-karasek	svatopluk	karásek
svatopluk-nemecek	svatopluk	němeček
svetlana-navarova	světlana	navarová
sylva-kovacikova	sylva	kováčiková
tana-fischerova	táňa_,h	fischerová
tana-sormova	táňa_,h	šormová
tatana-fischerova	taťan	fischerová
tatana-jirousova	taťat	jirousová
tatana-mala-2	taťat	malý
tatana-nersesjan	taťat	nersesjan
tereza-hythova	tereza	hyťhová
tereza-krvspinova	tereza	krvšpínová
terezia-mlynkova-1	terézio	mlýnková
tibor-batthyany	tibor	batthyána
tibor-minca	tibor	minca
tom-zajicek	tom	zajíček
tomas-bartovsky	tomáš	bartovský
tomas-bergman-3	tomáš	bergman
tomas-bouzek	tomáš	bouzek
tomas-brezina	tomáš	březina
tomas-brezina-(prijmeni)	tomáš	březina	příjmení
tomas-brichacek-1	tomáš	břicháček
tomas-cermak	tomáš	čermák
tomas-chalupa	tomáš	chalupa
tomas-czernin	tomáš	czernin
tomas-dub	tomáš	dub
tomas-dufek	tomáš	dufek
tomas-fejfar	tomáš	fejfar
tomas-grulich	tomáš	grulich
tomas-hanzel	tomáš	hanzel
tomas-hasil	tomáš	hasil
tomas-havlicek	tomáš	havlíček
tomas-hermann	tomáš	hermann
tomas-hirt	tomáš	hirt
tomas-hradil	tomáš	hradit
tomas-hrdlicka	tomáš	hrdlička
tomas-hudecek	tomáš	hudeček
tomas-huner	tomáš	hüner
tomas-husa	tomáš	hus
tomas-hybner	tomáš	hybner
tomas-indra	tomáš	indra
tomas-jan-1	tomáš	ján
tomas-jan-podivinsky	tomáš	jan	podivínský
tomas-jezek	tomáš	ježek
tomas-jirsa	tomáš	jirsa
tomas-julinek	tomáš	julínek
tomas-kadner	tomáš	kádner
tomas-kladivko	tomáš	kladívko
tomas-kohoutek-7	tomáš	kohoutek
tomas-korinek	tomáš	kořínek
tomas-kratochvil	tomáš	kratochvíl
tomas-kubat	tomáš	kubát
tomas-kvapil	tomáš	kvapil
tomas-kvetak	tomáš	květák
tomas-kysela	tomáš	kysela
tomas-lamser	tomáš	lamser
tomas-linda	tomáš	linda
tomas-liska	tomáš	liška
tomas-macura	tomáš	macura
tomas-martinek-10	tomáš	martínek
tomas-mlcoch-8	tomáš	mlčoch
tomas-nedved	tomáš	nedvěd
tomas-nepomucky	tomáš	nepomucký
tomas-pajonk	tomáš	pajonk
tomas-pav	tomáš	páv
tomas-petricek	tomáš	petříček
tomas-petrik	tomáš	petřík
tomas-podivinsky	tomáš	podivínský
tomas-portlik	tomáš	portlík
tomas-preininger	tomáš	preininger
tomas-skaryd	tomáš	škaryd
tomas-sojka	tomáš	sojka
tomas-sterba	tomáš	štěrba
tomas-sucharda	tomáš	suchard
tomas-svoboda	tomáš	svoboda
tomas-svoboda-1	tomáš	svoboda
tomas-teplik	tomáš	teplík
tomas-topfer	tomáš	töpfer
tomas-tozicka	tomáš	tožička
tomas-trc	tomáš	trč
tomas-ulehla	tomáš	úlehl
tomas-ulicny	tomáš	uličný
tomas-uvira	tomáš	uvír
tomas-vandas-1	tomáš	vandas
tomas-vrbik	tomáš	vrbík
tomas-vymazal-7	tomáš	vymazat
tomas-zatloukal	tomáš	zatloukal
tomas-zdechovsky	tomáš	zdechovský
tomes-vytiska	tomeš	vytiska
tomio-okamura	tomio	okamura
vaclav-bastyr	václav	baštýř
vaclav-belohradsky	václav	bělohradský
vaclav-benda	václav	benda
vaclav-benes	václav	beneš
vaclav-bielski	václav	bielský
vaclav-bozek	václav	božek
vaclav-brousek	václav	brousek
vaclav-cempirek	václav	cempírek
vaclav-cundrle	václav	čundrle
vaclav-dobias-5	václav	dobiáš
vaclav-dolezal-19	václav	doležal
vaclav-ebert	václav	ebert
vaclav-exner	václav	exner
vaclav-fal	václav	fál
vaclav-fischer	václav	fischer
vaclav-frank	václav	frank
vaclav-grulich	václav	grulich
vaclav-gruner	václav	grüner
vaclav-hampl	václav	hampl
vaclav-hanus	václav	hanuš
vaclav-havel	václav	havel
vaclav-hofman-1	václav	hofman
vaclav-hofmann	václav	hofmann
vaclav-homolka	václav	homolka
vaclav-horacek	václav	horáček
vaclav-horak	václav	horák
vaclav-horejsi	václav	hořejší
vaclav-hrdonka	václav	hrdonka
vaclav-hruby	václav	hrubý
vaclav-jakubec	václav	jakubec
vaclav-jakubik	václav	jakubík
vaclav-jehlicka	václav	jehliček
vaclav-jilek	václav	jílek
vaclav-jindrich-urbanek	václav	jindřich	urbánek
vaclav-klaus	václav	klaus
vaclav-klaus-2	václav	klaus
vaclav-klucka	václav	kluček
vaclav-kodet	václav	kodety
vaclav-koubik	václav	koubík
vaclav-koukal	václav	koukal
vaclav-kral	václav	král
vaclav-krasa	václav	krása
vaclav-kroutil	václav	kroutil
vaclav-kubata	václav	kubato
vaclav-kucera	václav	kučera
vaclav-larva	václav	larv
vaclav-laska	václav	láska
vaclav-melsa	václav	melša
vaclav-mencl	václav	mencl
vaclav-musilek	václav	musílek
vaclav-najemnik	václav	nájemník
vaclav-neubauer	václav	neubauer
vaclav-nosek	václav	nosek
vaclav-novotny	václav	novotný
vaclav-picl	václav	pícl
vaclav-pleskot	václav	pleskot
vaclav-rabas	václav	rabas
vaclav-ransdorf	václav	ransdorf
vaclav-reitinger	václav	reitinger
vaclav-riedlbauch	václav	riedlbauch
vaclav-roubicek	václav	roubíček
vaclav-rys-5	václav	rys
vaclav-simanek	václav	šimánek
vaclav-slajs	václav	šlajs
vaclav-sloup	václav	sloup
vaclav-snopek-1	václav	snopek
vaclav-stekl	václav	štekl
vaclav-stolba	václav	štolba
vaclav-svoboda	václav	svoboda
vaclav-trojan	václav	trojan
vaclav-vales-1	václav	valeš
vaclav-valhoda	václav	valhoda
vaclav-vlcek-19	václav	vlček
vaclav-votava	václav	votava
vaclav-zemek	václav	zemek
vaclava-domsova	václav	domšová
valtr-komarek	valtr	komárek
vavrinec-fojcik	vavřinec	fójcik
venceslav-lukas	věnceslav	lukáš
venek-silhan-2	věněk	šilhán
vera-adamkova-1	věra	adámková
vera-flasarova	věra	flasarová
vera-jakubkova	věra	jakubková
vera-jezkova-11	věra	ježková
vera-jourova	věra	jourová
vera-kisova	věra	kisová
vera-kovarova	věra	kovářová
vera-nechybova	věra	nechybová
vera-novakova-59	věra	nováková
vera-palkova	věra	palková
vera-prochazkova-19	věra	procházková
vera-rosenbergova	věra	rosenbergová
vera-vasinkova	věra	vašínková
vera-zemanova	věra	zemanová
veronika-kuchynova-smigolova	veronika	kuchyňová	šmigolová
veronika-nedvedova	veronika	nedvědová
veronika-vrecionova	veronika	vrecionová
viktor-dobal	viktor	dobal
viktor-dyk-2	viktor	dyk
viktor-paggio	viktor	paggio
vilem-holan	vilém	holáň
vilem-urbis	vilém	urbiš
viliam-buchert	viliam	buchert
vit-barta	vít	bárta
vit-beran	vít	beran
vit-blaha	vít	blaho
vit-jedlicka-5	vít	jedlička
vit-kankovsky	vít	kaňkovský
vit-kolar	vít	kolář
vit-mandik	vít	mandík
vit-nemecek	vít	němeček
vit-prikasky	vít	příkaský
vit-rakusan	vít	rakušan
vit-slechta	vít	šlechta
vit-slovacek	vít	slováček
vitezslav-grepl	vítězslav	grepl
vitezslav-jandak	vítězslav	jandák
vitezslav-jonas	vítězslav	jonáš
vitezslav-malac	vítězslav	maláč
vitezslav-matuska	vítězslav	matušek
vitezslav-novohradsky	vítězslav	novohradský
vitezslav-schrek	vítězslav	schrek
vitezslav-sochor	vítězslav	sochor
vitezslav-stefl	vítězslav	štefl
vitezslav-stepanek	vítězslav	štěpánek
vitezslav-valach	vítězslav	valach
vitezslav-vavrousek	vítězslav	vavroušek
vitezslav-vejrazka	vítězslav	vejražek
vladimir,-muller	vladimír	müller
vladimir-bartos	vladimír	bartoš
vladimir-budinsky	vladimír	budinský
vladimir-cada	vladimír	čada
vladimir-cisar	vladimír	cisár
vladimir-derner	vladimír	derner
vladimir-dlouhy	vladimír	dlouhý
vladimir-dlouhy-1	vladimír	dlouhý
vladimir-dolezal	vladimír	doležal
vladimir-dryml	vladimír	dryml
vladimir-dub	vladimír	dub
vladimir-engelmajer	vladimír	engelmajer
vladimir-franz	vladimír	franz
vladimir-gabriel	vladimír	gabriel
vladimir-galuska	vladimír	galuška
vladimir-hartmann	vladimír	hartmann
vladimir-herman-3	vladimír	herman
vladimir-hink	vladimír	hink
vladimir-hradil	vladimír	hradit
vladimir-klokocka	vladimír	klokoček
vladimir-konicek	vladimír	koníček
vladimir-koronthaly	vladimír	koronthály
vladimir-kotzy	vladimír	kotza
vladimir-krulis	vladimír	kruliš
vladimir-kulhanek	vladimír	kulhánek
vladimir-kvasnicka	vladimír	kvasnička
vladimir-lastuvka	vladimír	laštůvka
vladimir-lesak	vladimír	lesák
vladimir-mastnik	vladimír	mastník
vladimir-meciar	vladimír	mečiar
vladimir-mistecky	vladimír	místecký
vladimir-mlynar	vladimír	mlynář
vladimir-ninger	vladimír	ninger
vladimir-novotny	vladimír	novotný
vladimir-oplt	vladimír	oplt
vladimir-paulik	vladimír	paulík
vladimir-placek	vladimír	plaček
vladimir-polak	vladimír	polák
vladimir-prochazka	vladimír	procházka
vladimir-prochazka-1	vladimír	procházka
vladimir-reiber	vladimír	reiber
vladimir-remek	vladimír	remek
vladimir-rezac	vladimír	řezáč
vladimir-riha	vladimír	říha
vladimir-schovanek	vladimír	schovánek
vladimir-sobeslav	vladimír	soběslav
vladimir-soltys	vladimír	šoltys
vladimir-spidla	vladimír	špidl
vladimir-springer	vladimír	springer
vladimir-suman	vladimír	šuman
vladimir-tosovsky	vladimír	tošovský
vladimir-vetchy	vladimír	vetchý
vladimir-zalesky	vladimír	záleský
vladimir-zelezny	vladimír	železný
vladimir-zeman	vladimír	zeman
vladimir-zeman-20	vladimir	zeman
vladimira-lesenska	vladimír	lesenský
vladimira-silhankova	vladimír	šilhánková
vladislav-koval	vladislav	koval
vladislav-lipovsky	vladislav	lipovský
vladislav-malat	vladislav	malát
vladislav-raska	vladislav	raška
vladislav-vilimec	vladislav	vilímec
vladislava-hujova	vladislav	hujová
vlasta-bohdalova	vlasta_,e	bohdalová
vlasta-hruzova	vlasta_,e	hrůzová
vlasta-parkanova	vlasta_,e	parkanová
vlasta-stepova	vlasta_,e	štěpová
vlasta-svobodova	vlasta_,e	svobodová
vlastimil-aubrecht	vlastimil	aubrecht
vlastimil-balcar	vlastimil	balcar
vlastimil-balin	vlastimil	balín
vlastimil-barinka	vlastimil	bařinka
vlastimil-dlab	vlastimil	dlab
vlastimil-doubrava	vlastimil	doubrava
vlastimil-gabrhel	vlastimil	gabrhel
vlastimil-jezek	vlastimil	ježek
vlastimil-lepik	vlastimil	lepík
vlastimil-ostry	vlastimil	ostrý
vlastimil-picek	vlastimil	picek
vlastimil-sehnal	vlastimil	sehnal
vlastimil-subrt	vlastimil	šubrt
vlastimil-tlusty	vlastimit	tlustý
vlastimil-vlcek	vlastimil	vlček
vlastimil-vozka	vlastimil	vozek
vlastimil-zdarsky	vlastimil	žďárský
vlastislav-antolak	vlastislav	antolák
vlastislav-kuchar	vlastislav	kuchař
vlastislav-navratil	vlastislav	navrátil
vojtech-adam	vojtěch	aodam
vojtech-cechak	vojtěch	čechák
vojtech-filip	vojtěch	filip
vojtech-jelinek	vojtěch	jelínek
vojtech-klecka-1	vojtěch	klečka
vojtech-munzar	vojtěch	munzar
vojtech-mynar	vojtěch	mynář
vojtech-pikal	vojtěch	pikal
vojtech-razima	vojtěch	razima
vojtech-skrabal	vojtěch	škrabal
vojtech-stritesky	vojtěch	stříteský
vojtech-vymetal	vojtěch	vymětat
vratislav-kulhanek	vratislav	kulhánek
vratislav-mynar	vratislav	mynář
vratislav-votava	vratislav	votava
vratislav-vyborny	vratislav	výborný
walter-bartos	walter	bartoš
werner-hauptmann	werner	hauptmann
wesselin-toppisch	wesselin	toppisch
yveta-tomkova	yveta	tomková
yvona-jungova	yvona	jungová
yvona-kubjatova	yvona	kubjátová
zavis-kalandra	záviš	kalandra
zbynek-linhart	zbyněk	linhart
zbynek-novotny	zbyněk	novotný
zbynek-passer	zbyněk	passer
zbynek-prazak	zbyněk	pražák
zbynek-stanjura	zbyněk	stanjura
zbysek-stodulka	zbyšek	stodůlek
zdenek-babka	zdeněk	babka
zdenek-barta	zdeněk	bárta
zdenek-bergman	zdeněk	bergman
zdenek-berka	zdeněk	berka
zdenek-besta	zdeněk	besta
zdenek-bezecny	zdeněk	bezecný
zdenek-bohac	zdeněk	boháč
zdenek-brabec	zdeněk	brabec
zdenek-broz	zdeněk	brož
zdenek-bursa	zdeněk	bursa
zdenek-chlad	zdeněk	chlád
zdenek-davidek	zdeněk	davídek
zdenek-fink	zdeněk	fink
zdenek-geist	zdeněk	geist
zdenek-hojny	zdeněk	hojný
zdenek-honz	zdeněk	honz
zdenek-horcik-3	zdeněk	horčík
zdenek-janalik	zdeněk	janalík
zdenek-jaros	zdeněk	jaroš
zdenek-jicinsky	zdeněk	jičínský
zdenek-jirasek	zdeněk	jirásek
zdenek-juracka	zdeněk	juračka
zdenek-klanica	zdeněk	klanica
zdenek-klausner	zdeněk	klausner
zdenek-koristka	zdeněk	kořistka
zdenek-kotous	zdeněk	kotouš
zdenek-koudelka	zdeněk	koudelka
zdenek-krampera	zdeněk	kramper
zdenek-kremnicky	zdeněk	kremnický
zdenek-kristal	zdenka	křišťál
zdenek-kubanek	zdeněk	kubánek
zdenek-kubr	zdeněk	kubr
zdenek-kucera	zdeněk	kučera
zdenek-kudrna	zdeněk	kudrna
zdenek-levy	zdeněk	levý
zdenek-lhota	zdeněk	lhota
zdenek-lycka	zdeněk	lyček
zdenek-mach	zdeněk	mach
zdenek-marsicek	zdeněk	maršíček
zdenek-matous	zdeněk	matouš
zdenek-mikovec	zdeněk	míkovec
zdenek-mlynar-5	zdeněk	mlynář
zdenek-nejedly-13	zdeněk	nejedlý
zdenek-novacek	zdeněk	nováček
zdenek-nytra	zdeněk	nytra
zdenek-ondracek	zdeněk	ondráček
zdenek-papousek	zdeněk	papoušek
zdenek-pavlik	zdeněk	pavlík
zdenek-pavlik-32	zdenka	pavlík
zdenek-pesa	zdeněk	peša
zdenek-podal	zdeněk	podat
zdenek-potuzak-1	zdeněk	potužák
zdenek-prosek	zdeněk	prosek
zdenek-rendl	zdeněk	rendl
zdenek-richter	zdeněk	richter
zdenek-ruzicka	zdeněk	růžička
zdenek-rysavy	zdeněk	ryšavý
zdenek-schwarz	zdeněk	schwars
zdenek-seidl	zdeněk	seidl
zdenek-skromach	zdeněk	škromach
zdenek-slaba	zdeněk	sláb
zdenek-soral	zdeněk	šoral
zdenek-soukup	zdeněk	soukup
zdenek-stefek	zdeněk	štefek
zdenek-stengl	zdeněk	štenglie
zdenek-straka	zdeněk	straka
zdenek-svec	zdeněk	švec
zdenek-sverma	zdeněk	šverma
zdenek-svrcek	zdeněk	švrček
zdenek-syblik	zdeněk	syblík
zdenek-tesarik	zdeněk	tesařík
zdenek-trojan	zdeněk	trojan
zdenek-troup	zdeněk	troup
zdenek-tuma	zdeněk	tůma
zdenek-vlcek	zdeněk	vlček
zdenek-vojir	zdeněk	vojíř
zdenek-vorlicek	zdeněk	vorlíček
zdenek-zajicek	zdeněk	zajíček
zdenek-zak	zdeněk	žák
zdenka-dopitova	zdenka	dopitová
zdenka-drlikova	zdeněk	drlíková
zdenka-hamousova	zdeněk	hamousová
zdenka-hornikova	zdeněk	horníková
zdenka-liskova	zdeněk	lišková
zdenka-stranska	zdeněk	stránská
zdenka-szukalska	zdena	szukalský
zsolt-simon	zsolt	simon
zuzana-baudysova	zuzana	baudyšová
zuzana-brzobohata	zuzana	brzobohatá
zuzana-domesova	zuzana	domesová
zuzana-drhova	zuzana	drhová
zuzana-huskova	zuzana	husková
zuzana-jentschke-stocklova	zuzana	jentschke	stöcklová
zuzana-jentschke-stocklova-1	zuzana	jentschke	stöcklová
zuzana-kailova	zuzana	kailová
zuzana-kocumova	zuzana	kocumová
zuzana-kucerova	zuzana	kučerová
zuzana-majerova-4	zuzana	majerová
zuzana-moravcikova	zuzana	moravčíková
zuzana-ozanova	zuzana	ožanová
zuzana-roithova	zuzana	roithová
zuzana-sanova	zuzana	šánová
zuzka-bebarova-rujbrova	zuzka	bebarová	rujbrová